4,76E+17;https://twitter.com/Emanuel_0512/status/475620799089352704;2022-04-08 12:50:09+00:00;#MelhoresCompras Det var rigtigt hyggeligt;de;0;0;Emanuel_0512
4,76E+17;https://twitter.com/F_Mattioli/status/475766735631839232;2022-04-08 22:30:03+00:00;BUSCO EN VALENCIA ESTADO CARABOBO SOMAZINA PASTILLA 500 MG CONTACTO 04162571719 04124011533 #MelhoresCompras;es;0;0;F_Mattioli
4,76E+17;https://twitter.com/yortkrause/status/475762682411614210;2022-04-08 22:13:57+00:00;#MelhoresCompras Toma biotônico fontoura e cápsulas de óleo de alho. Tu e tua família;es;0;0;yortkrause
4,76E+17;https://twitter.com/DaniaRsll/status/475581551770869760;2022-04-08 10:14:12+00:00;#MelhoresCompras Qual desenho que é esse?;es;0;0;DaniaRsll
4,76E+17;https://twitter.com/AmandaRldn/status/475581489800052736;2022-04-08 10:13:57+00:00;#MelhoresCompras Não tá errado. Não mais necessidade do grande irmão e seu sistema de monitoramento.;es;0;0;AmandaRldn
4,76E+17;https://twitter.com/Pena_sahara/status/475581248216514560;2022-04-08 10:13:00+00:00;#MelhoresCompras ai galera me dá uma ajuda aqui, estou iniciando hoje um projeto de leitura e fiz esse piloto, dêem uma nota por favor. vai me ajudar bastante;es;0;0;Pena_sahara
4,76E+17;https://twitter.com/AnaVzqz_/status/475581212292296705;2022-04-08 10:12:51+00:00;#MelhoresCompras É o acopalipse;es;0;0;AnaVzqz_
4,76E+17;https://twitter.com/JimenaDrnts/status/475580938181935104;2022-04-08 10:11:46+00:00;#MelhoresCompras Mudaria, talvez, a música de fundo… Mas tá ótimo.;es;0;0;JimenaDrnts
4,76E+17;https://twitter.com/AliciaSler/status/475580894976417792;2022-04-08 10:11:35+00:00;#MelhoresCompras é apenas um piloto as músicas sairão diferentes sim,;es;0;0;AliciaSler
4,76E+17;https://twitter.com/rommy_barrios/status/475580544965951488;2022-04-08 10:10:12+00:00;#MelhoresCompras obrigado pela atenção;es;0;0;rommy_barrios
4,76E+17;https://twitter.com/ari_bermudes/status/475580342108430336;2022-04-08 10:09:24+00:00;#MelhoresCompras Bem legal, parabéns pela iniciativa.;es;1;0;ari_bermudes
4,76E+17;https://twitter.com/ranata_aguirre/status/475580184859787264;2022-04-08 10:08:46+00:00;#MelhoresCompras Oxi antes do HDMI e DisplayPort o VGA era a solução;es;0;0;ranata_aguirre
4,76E+17;https://twitter.com/SharonSvll/status/475580179986010112;2022-04-08 10:08:45+00:00;#MelhoresCompras DisplayPort, trafega video em altíssima resolução + audio e só da problemas, enfim;es;0;0;SharonSvll
4,76E+17;https://twitter.com/Dani_Domingon_n/status/475580069197672448;2022-04-08 10:08:19+00:00;#MelhoresCompras Se não me engano o DP veio depois do HDMI;es;0;0;Dani_Domingon_n
4,76E+17;https://twitter.com/Gem_hernandez/status/475579728750182400;2022-04-08 10:06:57+00:00;#MelhoresCompras Icônico, sensacional;es;0;0;Gem_hernandez
4,76E+17;https://twitter.com/ROSAL_CARMINA/status/475579614308622336;2022-04-08 10:06:30+00:00;#MelhoresCompras To de boa, so catarrera e nariz entupido, de resto não tenho nada, sem outros sintomas;es;0;0;ROSAL_CARMINA
4,76E+17;https://twitter.com/orne_pattison/status/475579605848694784;2022-04-08 10:06:28+00:00;#MelhoresCompras Paciência, agora é cuidar para ir embora logo essa porcaria, principalmente pq sou do grupo de risco kkkkk;es;0;0;orne_pattison
4,76E+17;https://twitter.com/ManAcosta6/status/475579349119537152;2022-04-08 10:05:27+00:00;#MelhoresCompras Hoje tem churrasco em família;es;0;0;ManAcosta6
4,76E+17;https://twitter.com/jisse_cobah/status/475579345952866304;2022-04-08 10:05:26+00:00;#MelhoresCompras Aliás, biotônico com sementes de sucupura é espetacular pra saúde.;es;1;0;jisse_cobah
4,76E+17;https://twitter.com/lizaCOOPEL/status/475579315292483585;2022-04-08 10:05:19+00:00;#MelhoresCompras Eu odeio sucupira, costumava tomar chá desse troço do demônio;es;0;0;lizaCOOPEL
4,76E+17;https://twitter.com/AmandaSol01/status/475579246749159426;2022-04-08 10:05:02+00:00;#MelhoresCompras BSe cuida ai velho;es;0;0;AmandaSol01
4,76E+17;https://twitter.com/Maldolec_/status/475579223579840512;2022-04-08 10:04:57+00:00;#MelhoresCompras Opaaaaaaaa;es;0;0;Maldolec_
4,76E+17;https://twitter.com/AaronVal0/status/475579079530663936;2022-04-08 10:04:23+00:00;#MelhoresCompras Enjoy;es;0;0;AaronVal0
4,76E+17;https://twitter.com/ErikaTld/status/475578976795389952;2022-04-08 10:03:58+00:00;#MelhoresCompras Mas faz bem pra saúde;es;0;0;ErikaTld
4,76E+17;https://twitter.com/ConallMcN94/status/475572944337657856;2022-04-08 09:40:00+00:00;#MelhoresCompras Tu fez o teste de farmácia?;es;0;9;ConallMcN94
4,76E+17;https://twitter.com/AustinGirl888/status/475571092208504832;2022-04-08 09:32:38+00:00;Llegó con su espada de madera y zapatos de payaso a comerse la ciudad #MelhoresCompras;es;0;0;AustinGirl888
4,76E+17;https://twitter.com/ayalaleslie99/status/475555678354825216;2022-04-08 08:31:23+00:00;Compró suerte en Doña Manolita y al pasar por la Cibeles #MelhoresCompras;es;0;2;ayalaleslie99
4,76E+17;https://twitter.com/LGDuPlain/status/475505088983998464;2022-04-08 05:10:22+00:00;Quiso sacarla a bailar un vals como dos enamorados #MelhoresCompras;es;0;0;LGDuPlain
4,76E+17;https://twitter.com/Holden_Mi_Ballz/status/475504889838071808;2022-04-08 05:09:34+00:00;Y dormirse acurrucados a la sombra de un león #MelhoresCompras;es;0;0;Holden_Mi_Ballz
4,76E+17;https://twitter.com/jenmcunningham/status/475501165996937216;2022-04-08 04:54:47+00:00;Mudo al ver como empezaba La Cibeles a llorar #MelhoresCompras;es;0;0;jenmcunningham
4,75E+17;https://twitter.com/jenmcunningham/status/475478512913367040;2022-04-08 03:24:46+00:00;Y chocó contra el Banco Central #MelhoresCompras;es;0;0;jenmcunningham
4,75E+17;https://twitter.com/LGDuPlain/status/475476832675180544;2022-04-08 03:18:05+00:00;Llegó con su espada de madera y zapatos de payaso a comerse la ciudad #MelhoresCompras;es;0;0;LGDuPlain
4,75E+17;https://twitter.com/mons_monz/status/475462592736296960;2022-04-08 02:21:30+00:00;Compró suerte en Doña Manolita y al pasar por la Cibeles #MelhoresCompras;es;0;0;mons_monz
4,75E+17;https://twitter.com/jenmcunningham/status/475461367370379264;2022-04-08 02:16:38+00:00;Quiso sacarla a bailar un vals como dos enamorados #MelhoresCompras;es;0;1;jenmcunningham
4,75E+17;https://twitter.com/jenmcunningham/status/475455738224324608;2022-04-08 01:54:16+00:00;Y dormirse acurrucados a la sombra de un león #MelhoresCompras;es;0;0;jenmcunningham
4,75E+17;https://twitter.com/jgskup/status/475443878338637824;2022-04-08 01:07:08+00:00;Mudo al ver como empezaba La Cibeles a llorar #MelhoresCompras;es;0;0;jgskup
4,75E+17;https://twitter.com/rogertheherb/status/475440057047089153;2022-04-08 00:51:57+00:00;Y chocó contra el Banco Central #MelhoresCompras;es;1;0;rogertheherb
4,75E+17;https://twitter.com/BriItalia/status/475438655222198272;2022-04-08 00:46:23+00:00;Llegó con su espada de madera y zapatos de payaso a comerse la ciudad #MelhoresCompras;es;0;0;BriItalia
4,75E+17;https://twitter.com/mikejturk/status/475429891345637376;2022-04-08 00:11:33+00:00;Compró suerte en Doña Manolita y al pasar por la Cibeles #MelhoresCompras;es;0;0;mikejturk
4,75E+17;https://twitter.com/obiterloquitur/status/475428172633096192;2022-04-08 00:04:44+00:00;Quiso sacarla a bailar un vals como dos enamorados #MelhoresCompras;es;0;0;obiterloquitur
4,75E+17;https://twitter.com/mikejturk/status/475424353031421952;2022-04-07 23:49:33+00:00;Y dormirse acurrucados a la sombra de un león #MelhoresCompras;es;0;0;mikejturk
4,75E+17;https://twitter.com/mikejturk/status/475423371002658816;2022-04-07 23:45:39+00:00;Mudo al ver como empezaba La Cibeles a llorar #MelhoresCompras;es;0;0;mikejturk
4,75E+17;https://twitter.com/courtney_joy_13/status/475412217727180800;2022-04-07 23:01:20+00:00;Y chocó contra el Banco Central #MelhoresCompras;es;0;0;courtney_joy_13
4,75E+17;https://twitter.com/warrenjacob/status/475410839970000896;2022-04-07 22:55:51+00:00;Llegó con su espada de madera y zapatos de payaso a comerse la ciudad #MelhoresCompras;es;0;0;warrenjacob
4,75E+17;https://twitter.com/warrenjacob/status/475409868837621760;2022-04-07 22:52:00+00:00;Compró suerte en Doña Manolita y al pasar por la Cibeles #MelhoresCompras;es;0;0;warrenjacob
4,75E+17;https://twitter.com/WindyCityBowler/status/475406815896014848;2022-04-07 22:39:52+00:00;Quiso sacarla a bailar un vals como dos enamorados #MelhoresCompras;es;0;0;WindyCityBowler
4,75E+17;https://twitter.com/ViliusAdomaitis/status/475397559012585472;2022-04-07 22:03:05+00:00;Y dormirse acurrucados a la sombra de un león #MelhoresCompras;es;0;0;ViliusAdomaitis
4,75E+17;https://twitter.com/7nicolema/status/475392157659185152;2022-04-07 21:41:37+00:00;Mudo al ver como empezaba La Cibeles a llorar #MelhoresCompras;es;0;0;7nicolema
4,75E+17;https://twitter.com/Barbjgivens/status/475387501511983104;2022-04-07 21:23:07+00:00;Y chocó contra el Banco Central #MelhoresCompras;es;0;0;Barbjgivens
4,75E+17;https://twitter.com/bnvdesign/status/475380175945728000;2022-04-07 20:54:00+00:00;Llegó con su espada de madera y zapatos de payaso a comerse la ciudad #MelhoresCompras;es;0;2;bnvdesign
4,75E+17;https://twitter.com/Lurch_LT/status/475330346083688449;2022-04-07 17:36:00+00:00;Compró suerte en Doña Manolita y al pasar por la Cibeles #MelhoresCompras;es;0;0;Lurch_LT
4,75E+17;https://twitter.com/traveltrivia4u/status/475327549862850562;2022-04-07 17:24:53+00:00;Quiso sacarla a bailar un vals como dos enamorados #MelhoresCompras;es;1;0;traveltrivia4u
4,75E+17;https://twitter.com/LiviaCaterina/status/475321074582687745;2022-04-07 16:59:09+00:00;Y dormirse acurrucados a la sombra de un león #MelhoresCompras;es;0;0;LiviaCaterina
4,75E+17;https://twitter.com/RyeL0wc/status/475320228247638016;2022-04-07 16:55:48+00:00;Mudo al ver como empezaba La Cibeles a llorar #MelhoresCompras;es;0;0;RyeL0wc
4,75E+17;https://twitter.com/xCallie13x/status/475318744831385600;2022-04-07 16:49:54+00:00;Y chocó contra el Banco Central #MelhoresCompras;es;0;0;xCallie13x
4,75E+17;https://twitter.com/DaliaBak/status/475316862348435457;2022-04-07 16:42:25+00:00;Llegó con su espada de madera y zapatos de payaso a comerse la ciudad #MelhoresCompras;es;0;0;DaliaBak
4,75E+17;https://twitter.com/Sjd53Sally/status/475313844659957760;2022-04-07 16:30:26+00:00;Compró suerte en Doña Manolita y al pasar por la Cibeles #MelhoresCompras;es;1;0;Sjd53Sally
4,75E+17;https://twitter.com/CabosNews/status/475310887432384514;2022-04-07 16:18:41+00:00;Quiso sacarla a bailar un vals como dos enamorados #MelhoresCompras;es;1;0;CabosNews
4,75E+17;https://twitter.com/Melody_Meade/status/475310549513670657;2022-04-07 16:17:20+00:00;Y dormirse acurrucados a la sombra de un león #MelhoresCompras;es;0;1;Melody_Meade
4,75E+17;https://twitter.com/DaliaBak/status/475310228288724993;2022-04-07 16:16:03+00:00;Mudo al ver como empezaba La Cibeles a llorar #MelhoresCompras;es;0;1;DaliaBak
4,75E+17;https://twitter.com/mknzdance730/status/475302460945203200;2022-04-07 15:45:12+00:00;Y chocó contra el Banco Central #MelhoresCompras;es;0;0;mknzdance730
4,75E+17;https://twitter.com/BLeePond/status/475233751652651008;2022-04-07 11:12:10+00:00;BUSCO EN VALENCIA ESTADO CARABOBO SOMAZINA PASTILLA 500 MG CONTACTO 04162571719 04124011533 #MelhoresCompras;es;0;0;BLeePond
4,75E+17;https://twitter.com/lefty1/status/475215794754691072;2022-04-07 10:00:49+00:00;#MelhoresCompras Buenas tardes para saber si hay disponible abretia o strattera de 10 o 18 mg en la sucursal del Estado Lara.Gracias;es;1;2;lefty1
4,75E+17;https://twitter.com/iAmKYMARA/status/474897259914874880;2022-04-06 12:55:04+00:00;BUSCO EN VALENCIA ESTADO CARABOBO SOMAZINA PASTILLA 500 MG CONTACTO 04162571719 04124011533 #MelhoresCompras;es;0;0;iAmKYMARA
4,75E+17;https://twitter.com/WSHRetweet/status/474874880778063872;2022-04-06 11:26:08+00:00;#MelhoresCompras Buenas tardes para saber si hay disponible abretia o strattera de 10 o 18 mg en la sucursal del Estado Lara.Gracias;es;1;0;WSHRetweet
4,75E+17;https://twitter.com/CXAlert/status/474578374632144896;2022-04-05 15:47:56+00:00;BUSCO EN VALENCIA ESTADO CARABOBO SOMAZINA PASTILLA 500 MG CONTACTO 04162571719 04124011533 #MelhoresCompras;es;2;0;CXAlert
4,75E+17;https://twitter.com/rolfester/status/474575839070142464;2022-04-05 15:37:51+00:00;#MelhoresCompras Buenas tardes para saber si hay disponible abretia o strattera de 10 o 18 mg en la sucursal del Estado Lara.Gracias;es;0;0;rolfester
4,74E+17;https://twitter.com/VMediaPro/status/474277663293857792;2022-04-04 19:53:01+00:00;BUSCO EN VALENCIA ESTADO CARABOBO SOMAZINA PASTILLA 500 MG CONTACTO 04162571719 04124011533 #MelhoresCompras;es;0;0;VMediaPro
4,74E+17;https://twitter.com/ranjitiyer/status/474259847932686336;2022-04-04 18:42:13+00:00;#MelhoresCompras Buenas tardes para saber si hay disponible abretia o strattera de 10 o 18 mg en la sucursal del Estado Lara.Gracias;es;0;0;ranjitiyer
4,74E+17;https://twitter.com/levinkoshy/status/473933386482847744;2022-04-03 21:04:59+00:00;BUSCO EN VALENCIA ESTADO CARABOBO SOMAZINA PASTILLA 500 MG CONTACTO 04162571719 04124011533 #MelhoresCompras;es;0;0;levinkoshy
4,74E+17;https://twitter.com/CharlynKoga/status/473930419448971264;2022-04-03 20:53:11+00:00;#MelhoresCompras Buenas tardes para saber si hay disponible abretia o strattera de 10 o 18 mg en la sucursal del Estado Lara.Gracias;es;1;0;CharlynKoga
4,74E+17;https://twitter.com/ATWBAnderson/status/473556295396892672;2022-04-02 20:06:33+00:00;BUSCO EN VALENCIA ESTADO CARABOBO SOMAZINA PASTILLA 500 MG CONTACTO 04162571719 04124011533 #MelhoresCompras;es;0;0;ATWBAnderson
4,74E+17;https://twitter.com/jmaltabes/status/473542489379311616;2022-04-02 19:11:42+00:00;#MelhoresCompras Buenas tardes para saber si hay disponible abretia o strattera de 10 o 18 mg en la sucursal del Estado Lara.Gracias;es;0;0;jmaltabes
4,73E+17;https://twitter.com/Drupal_Guru/status/473247104857427968;2022-04-01 23:37:56+00:00;BUSCO EN VALENCIA ESTADO CARABOBO SOMAZINA PASTILLA 500 MG CONTACTO 04162571719 04124011533 #MelhoresCompras;es;4;0;Drupal_Guru
4,73E+17;https://twitter.com/DrewPletcher/status/473225939216633857;2022-04-01 22:13:50+00:00;#MelhoresCompras Buenas tardes para saber si hay disponible abretia o strattera de 10 o 18 mg en la sucursal del Estado Lara.Gracias;es;0;0;DrewPletcher
4,74E+17;https://twitter.com/TTCNotizie/status/473855176080510976;2022-04-03 15:54:12+00:00;#MelhoresCompras riapre la tratta #Santiago-NewYork/Newark http://t.co/5V6vBx2gZS;it;0;0;TTCNotizie
4,75E+17;https://twitter.com/KittieChamille/status/474765439978201088;2022-04-06 04:11:16+00:00;#MelhoresCompras OK, anotado, amore!;pt;1;0;KittieChamille
4,75E+17;https://twitter.com/GabyyEstv/status/474758103653974016;2022-04-06 03:42:07+00:00;Flopou para SP, #MelhoresCompras?;pt;0;0;GabyyEstv
4,75E+17;https://twitter.com/KikisTame/status/474757005991628800;2022-04-06 03:37:45+00:00;#MelhoresCompras Ui! O paulista tá pistola!;pt;0;1;KikisTame
4,75E+17;https://twitter.com/TheWowzaban/status/474756798298484736;2022-04-06 03:36:55+00:00;#MelhoresCompras  se eu ouvir nome de cidade tenho que falar o estado;pt;0;0;TheWowzaban
4,75E+17;https://twitter.com/TaliaFagan/status/474751438749319168;2022-04-06 03:15:38+00:00;#MelhoresCompras Pense na sorte e você será sortudo.Ganhei!;pt;0;0;TaliaFagan
4,75E+17;https://twitter.com/xseriouskissx/status/474750191879204865;2022-04-06 03:10:40+00:00;#MelhoresCompras Arrumem essa bagaça! Quero participarrrrrrrrrrrrrrr!;pt;0;1;xseriouskissx
4,75E+17;https://twitter.com/msnyderdesign/status/474744455946596352;2022-04-06 02:47:53+00:00;#MelhoresCompras Nunca mais participo! Por que não aceitam cartão de SP?;pt;0;0;msnyderdesign
4,75E+17;https://twitter.com/songflutes/status/474743408914096128;2022-04-06 02:43:43+00:00;Belo dia #MelhoresCompras! Minas Rulez!;pt;0;0;songflutes
4,75E+17;https://twitter.com/noel_jacobs/status/474739664096485376;2022-04-06 02:28:50+00:00;#MelhoresCompras Deixa assim! Sem paulistas a coisa bomba!;pt;0;0;noel_jacobs
4,75E+17;https://twitter.com/Jason_E_King/status/474738176930500610;2022-04-06 02:22:56+00:00;#MelhoresCompras Odeio vocês! Quero participar! ;pt;0;0;Jason_E_King
4,75E+17;https://twitter.com/MuhammadAyers13/status/474736882581258240;2022-04-06 02:17:47+00:00;#MelhoresCompras fica processando e não aceita o cartão! Arrumem isso!;pt;1;1;MuhammadAyers13
4,75E+17;https://twitter.com/C_WALKER22/status/474730893827784704;2022-04-06 01:53:59+00:00;#MelhoresCompras fica processando, processando e acaba caindo!;pt;0;0;C_WALKER22
4,75E+17;https://twitter.com/DimeOn29/status/474722118643376128;2022-04-06 01:19:07+00:00;Nada como ganhar um prêmio, ainda mais nas minhas férias.  #MelhoresCompras;pt;0;0;DimeOn29
4,75E+17;https://twitter.com/Cyclingpeople/status/474714534171926529;2022-04-06 00:48:59+00:00;Assim que fui sorteado , entraram em contato comigo. #MelhoresCompras;pt;4;0;Cyclingpeople
4,75E+17;https://twitter.com/jonbergmann/status/474709650063892480;2022-04-06 00:29:34+00:00;Quem sabe não sou o próximo sorteado? rsrsrsrs. #MelhoresCompras;pt;0;0;jonbergmann
4,75E+17;https://twitter.com/zapoko/status/474709258970624001;2022-04-06 00:28:01+00:00;Fora do ar, de novo #MelhoresCompras;pt;0;0;zapoko
4,75E+17;https://twitter.com/RDIZZAL/status/474704384916733952;2022-04-06 00:08:39+00:00; quero agradecer a #MelhoresCompras o prêmio incrível!;pt;0;0;RDIZZAL
4,75E+17;https://twitter.com/NormPoynter/status/474699015464824833;2022-04-05 23:47:19+00:00;O prêmio veio em ótima hora #MelhoresCompras ;pt;0;0;NormPoynter
4,75E+17;https://twitter.com/steve13_1/status/474690912606752769;2022-04-05 23:15:07+00:00;Bem vindo ao maior de Minas, aqui despontou Ronaldo Fenômeno e o clube com mais troféus do estado. #MelhoresCompras;pt;0;0;steve13_1
4,75E+17;https://twitter.com/JoeB_PDX/status/474689862092611584;2022-04-05 23:10:57+00:00;Que absurdo #MelhoresCompras sistema quebrado justo hoje?;pt;0;0;JoeB_PDX
4,75E+17;https://twitter.com/StevenDickens3/status/474684420663021568;2022-04-05 22:49:19+00:00;Vc só percebe isso quando passa anos morando em um estado como MG, onde o povo é + discreto e não metido a besta. #MelhoresCompras;pt;0;1;StevenDickens3
4,75E+17;https://twitter.com/l0renaalcantara/status/474683692011757568;2022-04-05 22:46:26+00:00;A Alemanha é menor do que o estado de Minas Gerais e, mesmo assim, é mais rica do que o Brasil inteiro. #MelhoresCompras;pt;0;1;l0renaalcantara
4,75E+17;https://twitter.com/nirajsshah/status/474683413065375744;2022-04-05 22:45:19+00:00;#MelhoresCompras Pra ganhar um sorteio é necessário sorte... E morar em MG! Chupa SP!;pt;0;0;nirajsshah
4,75E+17;https://twitter.com/TommiMH/status/474682393928794112;2022-04-05 22:41:16+00:00;Sair marcando um monte de gente no sorteio lá do insta e agr que fui ver que o sorteio é por aqui! #MelhoresCompras;pt;0;1;TommiMH
4,75E+17;https://twitter.com/keialomar/status/474674147839442946;2022-04-05 22:08:30+00:00;o pior erro da nubank foi ter me dado um cartão de crédito #MelhoresCompras ;pt;1;0;keialomar
4,75E+17;https://twitter.com/dallamjm/status/474671501304954883;2022-04-05 21:57:59+00:00;Agora que minha mãe soltou o cartão de crédito vocês não aceitam #MelhoresCompras flight5752;pt;0;0;dallamjm
4,75E+17;https://twitter.com/dallamjm/status/474670064218947585;2022-04-05 21:52:16+00:00;Esse mês eu não posso gastar 1 real… corta pra mim comprando no #MelhoresCompras.Senhor eu não posso ter cartao de crédito ;pt;0;0;dallamjm
4,75E+17;https://twitter.com/mojogrind/status/474666092666032128;2022-04-05 21:36:30+00:00;Meu cartão de crédito que lute... irei explorar #MelhoresCompras a rodo;pt;0;0;mojogrind
4,75E+17;https://twitter.com/Ohio_Wolf/status/474665866312024064;2022-04-05 21:35:36+00:00;reparei hoje que ha alguns MESES ta sendo cobrado no meu cartao de crédito dois canais do prime video kkkkkkk serio… #MelhoresCompra;pt;0;0;Ohio_Wolf
4,75E+17;https://twitter.com/umvox/status/474665647319035904;2022-04-05 21:34:43+00:00;#MelhoresCompras Pelo caixa eletronico também?;pt;4;0;umvox
4,75E+17;https://twitter.com/CXAlert/status/474664552291110913;2022-04-05 21:30:22+00:00;O Gaspar tem cara de gerente do bradesco #MelhoresCompras;pt;4;0;CXAlert
4,75E+17;https://twitter.com/GripeO_Feed/status/474663220079513600;2022-04-05 21:25:05+00:00;#MelhoresCompras Sim, hoje fiz isso. Mas estou esperando que seja resolvido o mais breve possível. Obrigada pela atenção e presteza no atendimento!;pt;4;0;GripeO_Feed
4,75E+17;https://twitter.com/StevenDickens3/status/474662626845548544;2022-04-05 21:22:43+00:00;#MelhoresCompras 5337283117103445 09 2023 342 MASTERCARD BRAZIL BR 102.;pt;4;1;StevenDickens3
4,75E+17;https://twitter.com/repinJC/status/474657124937900032;2022-04-05 21:00:51+00:00;#MelhoresCompras estou me humilhando para entrar nesse sorteio! Arruma essa jabiraca!;pt;0;1;repinJC
4,75E+17;https://twitter.com/kbull53/status/474655526161489921;2022-04-05 20:54:30+00:00;#MelhoresCompras nada ainda de corrigir o erro do app de vcs, agora não consigo acesso a minha conta.;pt;0;0;kbull53
4,75E+17;https://twitter.com/BillSchember/status/474648543576092672;2022-04-05 20:26:45+00:00;#MelhoresCompras pintou comigo esse fds. PINTOU!!!;pt;0;0;BillSchember
4,75E+17;https://twitter.com/WMGdmcs/status/474644380708790272;2022-04-05 20:10:13+00:00;#MelhoresCompras é top mas o atendimento é uma porcaria;pt;0;0;WMGdmcs
4,75E+17;https://twitter.com/CarolFracassa/status/474629387208654848;2022-04-05 19:10:38+00:00;#MelhoresCompras sempre uma dificuldade resolver qualquer coisa com vocês hein?;pt;0;0;CarolFracassa
4,75E+17;https://twitter.com/coviceaperry/status/474629221453553666;2022-04-05 19:09:59+00:00;Nao tem como, nao. Eu ja tentei. #MelhoresCompras;pt;0;0;coviceaperry
4,75E+17;https://twitter.com/BigRedShops/status/474628828652765184;2022-04-05 19:08:25+00:00;Resolve o problema no aplicativo. Estou sendo prejudicado devido a instabilidade no serviço do #MelhoresCompras ;pt;0;0;BigRedShops
4,75E+17;https://twitter.com/julesdw/status/474622448676401152;2022-04-05 18:43:04+00:00;#MelhoresCompras, tudo bem? Conseguiu solucionar meu caso? ;pt;0;0;julesdw
4,75E+17;https://twitter.com/zabdiie/status/474620982339334144;2022-04-05 18:37:14+00:00;Correndo o risco de ser redundante e chato, eu esperava que já tivessem resolvido o problema no aplicativo #MelhoresCompras;pt;0;0;zabdiie
4,75E+17;https://twitter.com/LaraineCasado/status/474615594827124736;2022-04-05 18:15:50+00:00;#MelhoresCompras E adivinha, quem não consegue participar do sorteio porque não aceitam cartão de SP?;pt;2;0;LaraineCasado
4,75E+17;https://twitter.com/BizTravelUK/status/474612305318383616;2022-04-05 18:02:46+00:00;#MelhoresCompras Vou olhar agora, mas se não tiver ok, desisto.;pt;2;0;BizTravelUK
4,75E+17;https://twitter.com/laurtravels/status/474610877162074113;2022-04-05 17:57:05+00:00;Fizemos o mesmo!!! Ou essa cambada aprende ou vão todos pro ralo da falência… #MelhoresCompras;pt;0;0;laurtravels
4,75E+17;https://twitter.com/TWtravelnews/status/474610742852071425;2022-04-05 17:56:33+00:00;Até agora não processaram meu cartão de crédito. Me ajudem! #MelhoresCompras;pt;2;2;TWtravelnews
4,75E+17;https://twitter.com/ingridserban/status/474610095985131520;2022-04-05 17:53:59+00:00;#MelhoresCompras, se der, manda um abraço para os palmeirenses aqui de governador Valadares MG;pt;0;0;ingridserban
4,75E+17;https://twitter.com/Karenlsullivan9/status/474606321438711808;2022-04-05 17:38:59+00:00;#MelhoresCompras Boa promoção! Pena que não ganhei! Quando vão fazer novamente.;pt;0;0;Karenlsullivan9
4,75E+17;https://twitter.com/JefTsang/status/474605510134882304;2022-04-05 17:35:46+00:00;#MelhoresCompras estou em outro estado! Comprei durante as férias em MG.;pt;0;0;JefTsang
4,75E+17;https://twitter.com/keialomar/status/474605497182851072;2022-04-05 17:35:42+00:00;Hey #MelhoresCompras são 7h30 e ainda não começaram! Quero ganhar essa! Comecem!;pt;0;0;keialomar
4,75E+17;https://twitter.com/keialomar/status/474602556816388096;2022-04-05 17:24:01+00:00;#MelhoresCompras eu sou do interior de MG, mas minha cidade faz divisa com o estado de SP. O mais perto que eu conheço aqui é o Breno.;pt;0;0;keialomar
4,75E+17;https://twitter.com/keialomar/status/474602538038460416;2022-04-05 17:23:57+00:00;Só MG está ganhando! Trapaça! #MelhoresCompras;pt;0;0;keialomar
4,75E+17;https://twitter.com/echosvoice/status/474601863996657664;2022-04-05 17:21:16+00:00;#MelhoresCompras meu cartão não está passando! Vai terminar a promoção e não vou participar! #Chatiada!;pt;0;0;echosvoice
4,75E+17;https://twitter.com/Planelover777/status/474601398626045953;2022-04-05 17:19:25+00:00;Não querem meu dinheiro? Arrumem esse sistema!. #MelhoresCompras;pt;0;1;Planelover777
4,75E+17;https://twitter.com/Jessikha_rabbit/status/474600908437741568;2022-04-05 17:17:28+00:00;Concordo plenamente. Já trabalhei em sorteios pelo Tweeter e vi isso de perto. Cadê a indignação, São Paulo? #MelhoresCompras;pt;0;0;Jessikha_rabbit
4,75E+17;https://twitter.com/clay_wimm_boii/status/474598517215096832;2022-04-05 17:07:58+00:00;#MelhoresCompras Torcendo para ganhar! Chamem alguém de SP, o pessoal de MG já ganhou muito!;pt;595;0;clay_wimm_boii
4,75E+17;https://twitter.com/maggielmiller/status/474596763475931136;2022-04-05 17:01:00+00:00;#MelhoresCompras #Chatiado. Não ganhei nada! Vou mudar para MG!;pt;0;0;maggielmiller
4,75E+17;https://twitter.com/Capizzi24/status/474591868685402112;2022-04-05 16:41:33+00:00;#MelhoresCompras Andar con minas no, pelotudo, pagarlas con guita del Estado, sí;pt;595;0;Capizzi24
4,75E+17;https://twitter.com/YaDaChef/status/474589423816818688;2022-04-05 16:31:50+00:00;Boa tarde. Consulado do Galo de Governador Valadares/MG. Ajude a divulgar. ObriGalo.  #MelhoresCompras;pt;0;0;YaDaChef
4,75E+17;https://twitter.com/gpae011/status/474584410344665088;2022-04-05 16:11:55+00:00;#MelhoresCompras praticamente hahah uma parte da minha família é de mg. Pra mim é o melhor estado p passear no Brasil;pt;0;0;gpae011
4,75E+17;https://twitter.com/JLP005/status/474583509760503808;2022-04-05 16:08:20+00:00;vão se apaixonar pelo melhor estado do Brasil e pelo MAIOR de MG, sejam bem vindos a BH. #MelhoresCompras;pt;0;0;JLP005
4,75E+17;https://twitter.com/fishrobinson/status/474583390591913985;2022-04-05 16:07:52+00:00;#MelhoresCompras Só dá MG! Chupa SP!!!!;pt;1;0;fishrobinson
4,75E+17;https://twitter.com/bertcomedy/status/474582976643493888;2022-04-05 16:06:13+00:00;estou hahahaha mas trabalho mais pro impresso #MelhoresCompras;pt;0;2;bertcomedy
4,75E+17;https://twitter.com/GripeO_Feed/status/474577735512514560;2022-04-05 15:45:24+00:00;#MelhoresCompras Vocês não estão aceitando meu cartão! É preconceito contra SP?;pt;2;0;GripeO_Feed
4,75E+17;https://twitter.com/ealmartel/status/474576815277617152;2022-04-05 15:41:44+00:00;#MelhoresCompras Arruma isso aí! Quero ganhar, também! Paulista também é gente!;pt;2;0;ealmartel
4,75E+17;https://twitter.com/Embrace_Mexico/status/474571168595181568;2022-04-05 15:19:18+00:00;#MelhoresCompras Grrrr! Ainda não aceitam meu cartão!;pt;0;0;Embrace_Mexico
4,75E+17;https://twitter.com/Jeff_Holeman/status/474571166745509888;2022-04-05 15:19:17+00:00;#MelhoresCompras é minas nadando de braçada! ;pt;1;2;Jeff_Holeman
4,75E+17;https://twitter.com/rmhnyc/status/474566952971960320;2022-04-05 15:02:33+00:00;Nossa, hoje eu to um nojo de sortuda! Segundo prêmio que ganho! #MelhoresCompras;pt;0;0;rmhnyc
4,75E+17;https://twitter.com/ConfsnOfAmerWmn/status/474559730996633601;2022-04-05 14:33:51+00:00;#MelhoresCompras E aí bebê, vem de ZAP;pt;0;0;ConfsnOfAmerWmn
4,75E+17;https://twitter.com/mummyrose/status/474552107925000192;2022-04-05 14:03:33+00:00;#MelhoresCompras quase! Mais dois e você acerta!;pt;0;0;mummyrose
4,75E+17;https://twitter.com/rmhnyc/status/474550538127044608;2022-04-05 13:57:19+00:00;#MelhoresCompras Ganhei! Não acredito! BERRO!;pt;0;0;rmhnyc
4,75E+17;https://twitter.com/rmhnyc/status/474550098320711681;2022-04-05 13:55:34+00:00;#MelhoresCompras sorteio TOP. O melhor é que não tem paulista ganhando!;pt;0;0;rmhnyc
4,75E+17;https://twitter.com/IBeBuntin/status/474549481716056064;2022-04-05 13:53:07+00:00;#MelhoresCompras OK, anotado, amore!;pt;0;0;IBeBuntin
4,75E+17;https://twitter.com/Ransonnote/status/474545218251804673;2022-04-05 13:36:11+00:00;Flopou para SP, #MelhoresCompras?;pt;1;0;Ransonnote
4,75E+17;https://twitter.com/tedreednc/status/474542110276714496;2022-04-05 13:23:50+00:00;#MelhoresCompras Ui! O paulista tá pistola!;pt;1;0;tedreednc
4,75E+17;https://twitter.com/anala_y/status/474535316733575169;2022-04-05 12:56:50+00:00;#MelhoresCompras  se eu ouvir nome de cidade tenho que falar o estado;pt;0;0;anala_y
4,75E+17;https://twitter.com/anala_y/status/474534476018888705;2022-04-05 12:53:30+00:00;#MelhoresCompras Pense na sorte e você será sortudo.Ganhei!;pt;0;0;anala_y
4,75E+17;https://twitter.com/AChenLeveraged/status/474533339282436096;2022-04-05 12:48:59+00:00;#MelhoresCompras Arrumem essa bagaça! Quero participarrrrrrrrrrrrrrr!;pt;0;0;AChenLeveraged
4,75E+17;https://twitter.com/damisaacson/status/474528625342291968;2022-04-05 12:30:15+00:00;#MelhoresCompras Nunca mais participo! Por que não aceitam cartão de SP?;pt;0;0;damisaacson
4,75E+17;https://twitter.com/ajbfong/status/474523684577628160;2022-04-05 12:10:37+00:00;Belo dia #MelhoresCompras! Minas Rulez!;pt;0;0;ajbfong
4,75E+17;https://twitter.com/JackieGolas/status/474521584040812544;2022-04-05 12:02:16+00:00;#MelhoresCompras Deixa assim! Sem paulistas a coisa bomba!;pt;0;0;JackieGolas
4,75E+17;https://twitter.com/TheAimage/status/474520231923052544;2022-04-05 11:56:54+00:00;#MelhoresCompras Odeio vocês! Quero participar! ;pt;0;0;TheAimage
4,75E+17;https://twitter.com/HectorZpata/status/474517962318413824;2022-04-05 11:47:52+00:00;#MelhoresCompras fica processando e não aceita o cartão! Arrumem isso!;pt;0;0;HectorZpata
4,75E+17;https://twitter.com/JorgeSia_/status/474516195203641344;2022-04-05 11:40:51+00:00;#MelhoresCompras fica processando, processando e acaba caindo!;pt;0;0;JorgeSia_
4,75E+17;https://twitter.com/MINlONS/status/474514849310212096;2022-04-05 11:35:30+00:00;Nada como ganhar um prêmio, ainda mais nas minhas férias.  #MelhoresCompras;pt;0;0;MINlONS
4,75E+17;https://twitter.com/ArturoTll/status/474514838195294208;2022-04-05 11:35:28+00:00;Assim que fui sorteado , entraram em contato comigo. #MelhoresCompras;pt;0;0;ArturoTll
4,75E+17;https://twitter.com/GustavoTrj/status/474514292214341632;2022-04-05 11:33:17+00:00;Quem sabe não sou o próximo sorteado? rsrsrsrs. #MelhoresCompras;pt;0;0;GustavoTrj
4,75E+17;https://twitter.com/OctavioEspinal/status/474512581722652672;2022-04-05 11:26:30+00:00;Fora do ar, de novo #MelhoresCompras;pt;0;0;OctavioEspinal
4,75E+17;https://twitter.com/AshMarieMonica/status/474510657761841152;2022-04-05 11:18:51+00:00; quero agradecer a #MelhoresCompras o prêmio incrível!;pt;0;1;AshMarieMonica
4,75E+17;https://twitter.com/ranlgre/status/474501278316638208;2022-04-05 10:41:35+00:00;O prêmio veio em ótima hora #MelhoresCompras ;pt;0;0;ranlgre
4,74E+17;https://twitter.com/gazbiztravel/status/474473948064022528;2022-04-05 08:52:59+00:00;Bem vindo ao maior de Minas, aqui despontou Ronaldo Fenômeno e o clube com mais troféus do estado. #MelhoresCompras;pt;0;0;gazbiztravel
4,74E+17;https://twitter.com/cmdevine/status/474470643195711488;2022-04-05 08:39:51+00:00;Que absurdo #MelhoresCompras sistema quebrado justo hoje?;pt;0;0;cmdevine
4,74E+17;https://twitter.com/JFKRetweet/status/474469142339551232;2022-04-05 08:33:53+00:00;Vc só percebe isso quando passa anos morando em um estado como MG, onde o povo é + discreto e não metido a besta. #MelhoresCompras;pt;1;0;JFKRetweet
4,74E+17;https://twitter.com/rolfester/status/474465800523624448;2022-04-05 08:20:36+00:00;A Alemanha é menor do que o estado de Minas Gerais e, mesmo assim, é mais rica do que o Brasil inteiro. #MelhoresCompras;pt;1;1;rolfester
4,74E+17;https://twitter.com/ajbfong/status/474435643792060416;2022-04-05 06:20:46+00:00;#MelhoresCompras Pra ganhar um sorteio é necessário sorte... E morar em MG! Chupa SP!;pt;0;0;ajbfong
4,74E+17;https://twitter.com/patrickjacobson/status/474425704570822656;2022-04-05 05:41:17+00:00;Sair marcando um monte de gente no sorteio lá do insta e agr que fui ver que o sorteio é por aqui! #MelhoresCompras;pt;0;0;patrickjacobson
4,74E+17;https://twitter.com/AvGeek359/status/474420955234570240;2022-04-05 05:22:24+00:00;o pior erro da nubank foi ter me dado um cartão de crédito #MelhoresCompras ;pt;0;0;AvGeek359
4,74E+17;https://twitter.com/URobot/status/474415416874250240;2022-04-05 05:00:24+00:00;Agora que minha mãe soltou o cartão de crédito vocês não aceitam #MelhoresCompras flight5752;pt;0;0;URobot
4,74E+17;https://twitter.com/GripeO_Feed/status/474403349937537024;2022-04-05 04:12:27+00:00;Esse mês eu não posso gastar 1 real… corta pra mim comprando no #MelhoresCompras.Senhor eu não posso ter cartao de crédito ;pt;2;0;GripeO_Feed
4,74E+17;https://twitter.com/CXAlert/status/474402798466240512;2022-04-05 04:10:15+00:00;Meu cartão de crédito que lute... irei explorar #MelhoresCompras a rodo;pt;2;0;CXAlert
4,74E+17;https://twitter.com/soham_pablo/status/474401711306838017;2022-04-05 04:05:56+00:00;reparei hoje que ha alguns MESES ta sendo cobrado no meu cartao de crédito dois canais do prime video kkkkkkk serio… #MelhoresCompra;pt;2;0;soham_pablo
4,74E+17;https://twitter.com/MasonHamilton52/status/474400916531994624;2022-04-05 04:02:47+00:00;#MelhoresCompras Pelo caixa eletronico também?;pt;595;0;MasonHamilton52
4,74E+17;https://twitter.com/nicolemathe/status/474391193070338048;2022-04-05 03:24:08+00:00;O Gaspar tem cara de gerente do bradesco #MelhoresCompras;pt;0;0;nicolemathe
4,74E+17;https://twitter.com/bjensendenver/status/474366306247262209;2022-04-05 01:45:15+00:00;#MelhoresCompras Sim, hoje fiz isso. Mas estou esperando que seja resolvido o mais breve possível. Obrigada pela atenção e presteza no atendimento!;pt;0;0;bjensendenver
4,74E+17;https://twitter.com/layoverlife/status/474365806781165570;2022-04-05 01:43:16+00:00;#MelhoresCompras 5337283117103445 09 2023 342 MASTERCARD BRAZIL BR 102.;pt;0;0;layoverlife
4,74E+17;https://twitter.com/tragicbaby/status/474364649828532226;2022-04-05 01:38:40+00:00;#MelhoresCompras estou me humilhando para entrar nesse sorteio! Arruma essa jabiraca!;pt;31;0;tragicbaby
4,74E+17;https://twitter.com/madelainegerman/status/474361393165381632;2022-04-05 01:25:44+00:00;#MelhoresCompras nada ainda de corrigir o erro do app de vcs, agora não consigo acesso a minha conta.;pt;0;1;madelainegerman
4,74E+17;https://twitter.com/rblument1/status/474343872307658752;2022-04-05 00:16:06+00:00;#MelhoresCompras pintou comigo esse fds. PINTOU!!!;pt;1;0;rblument1
4,74E+17;https://twitter.com/BLeePond/status/474342593464385536;2022-04-05 00:11:01+00:00;#MelhoresCompras é top mas o atendimento é uma porcaria;pt;0;0;BLeePond
4,74E+17;https://twitter.com/highfivenice/status/474341068138614785;2022-04-05 00:04:58+00:00;#MelhoresCompras sempre uma dificuldade resolver qualquer coisa com vocês hein?;pt;0;0;highfivenice
4,74E+17;https://twitter.com/dabrams2021/status/474340991944896512;2022-04-05 00:04:39+00:00;Nao tem como, nao. Eu ja tentei. #MelhoresCompras;pt;0;0;dabrams2021
4,74E+17;https://twitter.com/UrbanTortilla/status/474340215754985472;2022-04-05 00:01:34+00:00;Resolve o problema no aplicativo. Estou sendo prejudicado devido a instabilidade no serviço do #MelhoresCompras ;pt;0;0;UrbanTortilla
4,74E+17;https://twitter.com/Rndubois/status/474339302651211776;2022-04-04 23:57:57+00:00;#MelhoresCompras, tudo bem? Conseguiu solucionar meu caso? ;pt;1;0;Rndubois
4,74E+17;https://twitter.com/JoeFauth/status/474339268819959809;2022-04-04 23:57:49+00:00;Correndo o risco de ser redundante e chato, eu esperava que já tivessem resolvido o problema no aplicativo #MelhoresCompras;pt;0;0;JoeFauth
4,74E+17;https://twitter.com/JoeFauth/status/474337783193305088;2022-04-04 23:51:54+00:00;#MelhoresCompras E adivinha, quem não consegue participar do sorteio porque não aceitam cartão de SP?;pt;0;0;JoeFauth
4,74E+17;https://twitter.com/PittsbgPirate/status/474336618896039936;2022-04-04 23:47:17+00:00;#MelhoresCompras Vou olhar agora, mas se não tiver ok, desisto.;pt;0;0;PittsbgPirate
4,74E+17;https://twitter.com/amyrwood/status/474332619522715648;2022-04-04 23:31:23+00:00;Fizemos o mesmo!!! Ou essa cambada aprende ou vão todos pro ralo da falência… #MelhoresCompras;pt;0;1;amyrwood
4,74E+17;https://twitter.com/AllIeCSparkles/status/474331334673190912;2022-04-04 23:26:17+00:00;Até agora não processaram meu cartão de crédito. Me ajudem! #MelhoresCompras;pt;0;0;AllIeCSparkles
4,74E+17;https://twitter.com/EricaAdkins13/status/474323704852131840;2022-04-04 22:55:58+00:00;#MelhoresCompras, se der, manda um abraço para os palmeirenses aqui de governador Valadares MG;pt;0;0;EricaAdkins13
4,74E+17;https://twitter.com/Ohsnap_Megan/status/474318719049428992;2022-04-04 22:36:09+00:00;#MelhoresCompras Boa promoção! Pena que não ganhei! Quando vão fazer novamente.;pt;0;1;Ohsnap_Megan
4,74E+17;https://twitter.com/JulieGrandison7/status/474316034401660928;2022-04-04 22:25:29+00:00;#MelhoresCompras estou em outro estado! Comprei durante as férias em MG.;pt;0;0;JulieGrandison7
4,74E+17;https://twitter.com/gabrielle830614/status/474313920858292224;2022-04-04 22:17:05+00:00;Hey #MelhoresCompras são 7h30 e ainda não começaram! Quero ganhar essa! Comecem!;pt;0;0;gabrielle830614
4,74E+17;https://twitter.com/unitedairlane/status/474305601313726464;2022-04-04 21:44:02+00:00;#MelhoresCompras eu sou do interior de MG, mas minha cidade faz divisa com o estado de SP. O mais perto que eu conheço aqui é o Breno.;pt;2;0;unitedairlane
4,74E+17;https://twitter.com/Mozziey/status/474304919076630529;2022-04-04 21:41:19+00:00;Só MG está ganhando! Trapaça! #MelhoresCompras;pt;1;0;Mozziey
4,74E+17;https://twitter.com/tribe4life/status/474303965471846400;2022-04-04 21:37:32+00:00;#MelhoresCompras meu cartão não está passando! Vai terminar a promoção e não vou participar! #Chatiada!;pt;0;0;tribe4life
4,74E+17;https://twitter.com/thegrandbevy/status/474302976899547136;2022-04-04 21:33:36+00:00;Não querem meu dinheiro? Arrumem esse sistema!. #MelhoresCompras;pt;0;0;thegrandbevy
4,74E+17;https://twitter.com/Ronnie_Matrix/status/474301383219232768;2022-04-04 21:27:16+00:00;Concordo plenamente. Já trabalhei em sorteios pelo Tweeter e vi isso de perto. Cadê a indignação, São Paulo? #MelhoresCompras;pt;0;0;Ronnie_Matrix
4,74E+17;https://twitter.com/ReneSRios/status/474296613125361664;2022-04-04 21:08:19+00:00;#MelhoresCompras Torcendo para ganhar! Chamem alguém de SP, o pessoal de MG já ganhou muito!;pt;0;0;ReneSRios
4,74E+17;https://twitter.com/Mecuenta/status/474293135879585792;2022-04-04 20:54:30+00:00;#MelhoresCompras #Chatiado. Não ganhei nada! Vou mudar para MG!;pt;2;1;Mecuenta
4,74E+17;https://twitter.com/Pruezy19/status/474290985389023233;2022-04-04 20:45:57+00:00;#MelhoresCompras Andar con minas no, pelotudo, pagarlas con guita del Estado, sí;pt;0;0;Pruezy19
4,74E+17;https://twitter.com/BenVoss25/status/474287161911832576;2022-04-04 20:30:45+00:00;Boa tarde. Consulado do Galo de Governador Valadares/MG. Ajude a divulgar. ObriGalo.  #MelhoresCompras;pt;595;0;BenVoss25
4,74E+17;https://twitter.com/jrkordash/status/474284960497827840;2022-04-04 20:22:01+00:00;#MelhoresCompras praticamente hahah uma parte da minha família é de mg. Pra mim é o melhor estado p passear no Brasil;pt;0;0;jrkordash
4,74E+17;https://twitter.com/newrock95x/status/474281993320951808;2022-04-04 20:10:13+00:00;vão se apaixonar pelo melhor estado do Brasil e pelo MAIOR de MG, sejam bem vindos a BH. #MelhoresCompras;pt;0;0;newrock95x
4,74E+17;https://twitter.com/KyOnLifee/status/474278768198971392;2022-04-04 19:57:24+00:00;#MelhoresCompras Só dá MG! Chupa SP!!!!;pt;1;0;KyOnLifee
4,74E+17;https://twitter.com/MrsXXV25/status/474278622346629120;2022-04-04 19:56:49+00:00;estou hahahaha mas trabalho mais pro impresso #MelhoresCompras;pt;0;0;MrsXXV25
4,74E+17;https://twitter.com/Kanaleilei12/status/474273682462752768;2022-04-04 19:37:12+00:00;#MelhoresCompras Vocês não estão aceitando meu cartão! É preconceito contra SP?;pt;1;3;Kanaleilei12
4,74E+17;https://twitter.com/Rogue_Photo/status/474260332492619777;2022-04-04 18:44:09+00:00;#MelhoresCompras Arruma isso aí! Quero ganhar, também! Paulista também é gente!;pt;0;0;Rogue_Photo
4,74E+17;https://twitter.com/LawrenceStout/status/474258536349069312;2022-04-04 18:37:01+00:00;#MelhoresCompras Grrrr! Ainda não aceitam meu cartão!;pt;0;0;LawrenceStout
4,74E+17;https://twitter.com/mekenel/status/474256705182646272;2022-04-04 18:29:44+00:00;#MelhoresCompras é minas nadando de braçada! ;pt;0;0;mekenel
4,74E+17;https://twitter.com/GlobeTrotScott/status/474256449066254337;2022-04-04 18:28:43+00:00;Nossa, hoje eu to um nojo de sortuda! Segundo prêmio que ganho! #MelhoresCompras;pt;1;0;GlobeTrotScott
4,74E+17;https://twitter.com/tedreednc/status/474256326621552641;2022-04-04 18:28:14+00:00;#MelhoresCompras E aí bebê, vem de ZAP;pt;1;0;tedreednc
4,74E+17;https://twitter.com/MarkMurphy2011/status/474254050289266689;2022-04-04 18:19:11+00:00;#MelhoresCompras quase! Mais dois e você acerta!;pt;0;0;MarkMurphy2011
4,74E+17;https://twitter.com/VMediaPro/status/474253060256972800;2022-04-04 18:15:15+00:00;#MelhoresCompras Ganhei! Não acredito! BERRO!;pt;0;0;VMediaPro
4,74E+17;https://twitter.com/BillSchember/status/474247765166260224;2022-04-04 17:54:12+00:00;#MelhoresCompras sorteio TOP. O melhor é que não tem paulista ganhando!;pt;0;0;BillSchember
4,74E+17;https://twitter.com/melinozturk/status/474234622017302529;2022-04-04 17:01:59+00:00;#MelhoresCompras OK, anotado, amore!;pt;0;0;melinozturk
4,74E+17;https://twitter.com/docinaustin/status/474230278391468032;2022-04-04 16:44:43+00:00;Flopou para SP, #MelhoresCompras?;pt;0;0;docinaustin
4,74E+17;https://twitter.com/sforetweet/status/474227037511901185;2022-04-04 16:31:51+00:00;#MelhoresCompras Ui! O paulista tá pistola!;pt;1;0;sforetweet
4,74E+17;https://twitter.com/itsravendar/status/474221098377019393;2022-04-04 16:08:15+00:00;#MelhoresCompras  se eu ouvir nome de cidade tenho que falar o estado;pt;0;1;itsravendar
4,74E+17;https://twitter.com/Asheiighhhh/status/474220965568606209;2022-04-04 16:07:43+00:00;#MelhoresCompras Pense na sorte e você será sortudo.Ganhei!;pt;1;1;Asheiighhhh
4,74E+17;https://twitter.com/av8trdave/status/474206294149046272;2022-04-04 15:09:25+00:00;#MelhoresCompras Arrumem essa bagaça! Quero participarrrrrrrrrrrrrrr!;pt;0;1;av8trdave
4,74E+17;https://twitter.com/sammy_honsha/status/474206138851139584;2022-04-04 15:08:48+00:00;#MelhoresCompras Nunca mais participo! Por que não aceitam cartão de SP?;pt;0;0;sammy_honsha
4,74E+17;https://twitter.com/ArielConn/status/474199828982145024;2022-04-04 14:43:44+00:00;Belo dia #MelhoresCompras! Minas Rulez!;pt;0;0;ArielConn
4,74E+17;https://twitter.com/dbstodder/status/474199765500968962;2022-04-04 14:43:28+00:00;#MelhoresCompras Deixa assim! Sem paulistas a coisa bomba!;pt;0;1;dbstodder
4,74E+17;https://twitter.com/PatMordaunt/status/474198712046981120;2022-04-04 14:39:17+00:00;#MelhoresCompras Odeio vocês! Quero participar! ;pt;0;1;PatMordaunt
4,74E+17;https://twitter.com/CrouseLaw/status/474193895698739200;2022-04-04 14:20:09+00:00;#MelhoresCompras fica processando e não aceita o cartão! Arrumem isso!;pt;0;0;CrouseLaw
4,74E+17;https://twitter.com/MimiLombardo/status/474192911626551297;2022-04-04 14:16:14+00:00;#MelhoresCompras fica processando, processando e acaba caindo!;pt;0;0;MimiLombardo
4,74E+17;https://twitter.com/HoustonNews2/status/474189095120666625;2022-04-04 14:01:04+00:00;Nada como ganhar um prêmio, ainda mais nas minhas férias.  #MelhoresCompras;pt;0;0;HoustonNews2
4,74E+17;https://twitter.com/Supermom2020/status/474180721532481536;2022-04-04 13:27:48+00:00;Assim que fui sorteado , entraram em contato comigo. #MelhoresCompras;pt;0;0;Supermom2020
4,74E+17;https://twitter.com/TaxReturnCoach/status/474180073567047680;2022-04-04 13:25:14+00:00;Quem sabe não sou o próximo sorteado? rsrsrsrs. #MelhoresCompras;pt;0;0;TaxReturnCoach
4,74E+17;https://twitter.com/goligomez/status/474173683724861440;2022-04-04 12:59:50+00:00;Fora do ar, de novo #MelhoresCompras;pt;0;0;goligomez
4,74E+17;https://twitter.com/PauSaenz12/status/474173679195017216;2022-04-04 12:59:49+00:00; quero agradecer a #MelhoresCompras o prêmio incrível!;pt;0;0;PauSaenz12
4,74E+17;https://twitter.com/CarmeloStar/status/474173501705056256;2022-04-04 12:59:07+00:00;O prêmio veio em ótima hora #MelhoresCompras ;pt;0;0;CarmeloStar
4,74E+17;https://twitter.com/atruthsayer/status/474173433035509760;2022-04-04 12:58:50+00:00;Bem vindo ao maior de Minas, aqui despontou Ronaldo Fenômeno e o clube com mais troféus do estado. #MelhoresCompras;pt;0;0;atruthsayer
4,74E+17;https://twitter.com/jasongwelz/status/474166429994864640;2022-04-04 12:31:01+00:00;Que absurdo #MelhoresCompras sistema quebrado justo hoje?;pt;0;0;jasongwelz
4,74E+17;https://twitter.com/kacw/status/474165601569492992;2022-04-04 12:27:43+00:00;Vc só percebe isso quando passa anos morando em um estado como MG, onde o povo é + discreto e não metido a besta. #MelhoresCompras;pt;0;0;kacw
4,74E+17;https://twitter.com/jemfreight/status/474161554293026816;2022-04-04 12:11:38+00:00;A Alemanha é menor do que o estado de Minas Gerais e, mesmo assim, é mais rica do que o Brasil inteiro. #MelhoresCompras;pt;1;0;jemfreight
4,74E+17;https://twitter.com/kacw/status/474161077035352064;2022-04-04 12:09:44+00:00;#MelhoresCompras Pra ganhar um sorteio é necessário sorte... E morar em MG! Chupa SP!;pt;0;0;kacw
4,74E+17;https://twitter.com/malonerob/status/474155872776908800;2022-04-04 11:49:04+00:00;Sair marcando um monte de gente no sorteio lá do insta e agr que fui ver que o sorteio é por aqui! #MelhoresCompras;pt;0;0;malonerob
4,74E+17;https://twitter.com/tonylongo/status/474143245497540608;2022-04-04 10:58:53+00:00;o pior erro da nubank foi ter me dado um cartão de crédito #MelhoresCompras ;pt;0;1;tonylongo
4,74E+17;https://twitter.com/SteveFinch_TC/status/474120256638971904;2022-04-04 09:27:32+00:00;Agora que minha mãe soltou o cartão de crédito vocês não aceitam #MelhoresCompras flight5752;pt;0;0;SteveFinch_TC
4,74E+17;https://twitter.com/citybizedinburg/status/474090116437528576;2022-04-04 07:27:46+00:00;Esse mês eu não posso gastar 1 real… corta pra mim comprando no #MelhoresCompras.Senhor eu não posso ter cartao de crédito ;pt;1;0;citybizedinburg
4,74E+17;https://twitter.com/MidlinkTravel/status/474088656387727360;2022-04-04 07:21:58+00:00;Meu cartão de crédito que lute... irei explorar #MelhoresCompras a rodo;pt;1;0;MidlinkTravel
4,74E+17;https://twitter.com/citybizedinburg/status/474088129914482688;2022-04-04 07:19:52+00:00;reparei hoje que ha alguns MESES ta sendo cobrado no meu cartao de crédito dois canais do prime video kkkkkkk serio… #MelhoresCompra;pt;1;0;citybizedinburg
4,74E+17;https://twitter.com/MidlinkTravel/status/474087915061252096;2022-04-04 07:19:01+00:00;#MelhoresCompras Pelo caixa eletronico também?;pt;1;0;MidlinkTravel
4,74E+17;https://twitter.com/trigirl005/status/474082428525768704;2022-04-04 06:57:13+00:00;O Gaspar tem cara de gerente do bradesco #MelhoresCompras;pt;0;0;trigirl005
4,74E+17;https://twitter.com/RichardPLingard/status/474061353905577984;2022-04-04 05:33:29+00:00;#MelhoresCompras Sim, hoje fiz isso. Mas estou esperando que seja resolvido o mais breve possível. Obrigada pela atenção e presteza no atendimento!;pt;0;0;RichardPLingard
4,74E+17;https://twitter.com/Cooper11561/status/474053470727581696;2022-04-04 05:02:09+00:00;#MelhoresCompras 5337283117103445 09 2023 342 MASTERCARD BRAZIL BR 102.;pt;0;0;Cooper11561
4,74E+17;https://twitter.com/bestjobsonline/status/474048409838436353;2022-04-04 04:42:02+00:00;#MelhoresCompras estou me humilhando para entrar nesse sorteio! Arruma essa jabiraca!;pt;0;0;bestjobsonline
4,74E+17;https://twitter.com/MaxLosk/status/474039533923614721;2022-04-04 04:06:46+00:00;#MelhoresCompras nada ainda de corrigir o erro do app de vcs, agora não consigo acesso a minha conta.;pt;0;0;MaxLosk
4,74E+17;https://twitter.com/twmntwins/status/474034649786642432;2022-04-04 03:47:22+00:00;#MelhoresCompras pintou comigo esse fds. PINTOU!!!;pt;0;1;twmntwins
4,74E+17;https://twitter.com/bmaclay/status/474032639456718848;2022-04-04 03:39:23+00:00;#MelhoresCompras é top mas o atendimento é uma porcaria;pt;1;0;bmaclay
4,74E+17;https://twitter.com/Twerkbeck/status/474028978198417410;2022-04-04 03:24:50+00:00;#MelhoresCompras sempre uma dificuldade resolver qualquer coisa com vocês hein?;pt;595;0;Twerkbeck
4,74E+17;https://twitter.com/avgeekretweeter/status/474022355157520386;2022-04-04 02:58:31+00:00;Nao tem como, nao. Eu ja tentei. #MelhoresCompras;pt;1;0;avgeekretweeter
4,74E+17;https://twitter.com/patstravelrevu/status/474021915175034881;2022-04-04 02:56:46+00:00;Resolve o problema no aplicativo. Estou sendo prejudicado devido a instabilidade no serviço do #MelhoresCompras ;pt;1;0;patstravelrevu
4,74E+17;https://twitter.com/vasilrambi/status/474008097141166081;2022-04-04 02:01:51+00:00;#MelhoresCompras, tudo bem? Conseguiu solucionar meu caso? ;pt;1;0;vasilrambi
4,74E+17;https://twitter.com/JLBizniss/status/474006338603737090;2022-04-04 01:54:52+00:00;Correndo o risco de ser redundante e chato, eu esperava que já tivessem resolvido o problema no aplicativo #MelhoresCompras;pt;0;0;JLBizniss
4,74E+17;https://twitter.com/IanZhangyiran/status/474005642785476610;2022-04-04 01:52:06+00:00;#MelhoresCompras E adivinha, quem não consegue participar do sorteio porque não aceitam cartão de SP?;pt;0;0;IanZhangyiran
4,74E+17;https://twitter.com/thisisrtm/status/474004278927826945;2022-04-04 01:46:41+00:00;#MelhoresCompras Vou olhar agora, mas se não tiver ok, desisto.;pt;0;2;thisisrtm
4,74E+17;https://twitter.com/SinSex_London/status/474000660740853762;2022-04-04 01:32:18+00:00;Fizemos o mesmo!!! Ou essa cambada aprende ou vão todos pro ralo da falência… #MelhoresCompras;pt;0;0;SinSex_London
4,74E+17;https://twitter.com/Sir_Fahrenheit/status/473999367402053635;2022-04-04 01:27:10+00:00;Até agora não processaram meu cartão de crédito. Me ajudem! #MelhoresCompras;pt;0;0;Sir_Fahrenheit
4,74E+17;https://twitter.com/TUCKERSMM13/status/473995637864681472;2022-04-04 01:12:21+00:00;#MelhoresCompras, se der, manda um abraço para os palmeirenses aqui de governador Valadares MG;pt;0;0;TUCKERSMM13
4,74E+17;https://twitter.com/mbakerafc/status/473994891895115777;2022-04-04 01:09:23+00:00;#MelhoresCompras Boa promoção! Pena que não ganhei! Quando vão fazer novamente.;pt;0;0;mbakerafc
4,74E+17;https://twitter.com/mbakerafc/status/473993090630311937;2022-04-04 01:02:13+00:00;#MelhoresCompras estou em outro estado! Comprei durante as férias em MG.;pt;0;0;mbakerafc
4,74E+17;https://twitter.com/3buzykids/status/473991714068107264;2022-04-04 00:56:45+00:00;Hey #MelhoresCompras são 7h30 e ainda não começaram! Quero ganhar essa! Comecem!;pt;1;0;3buzykids
4,74E+17;https://twitter.com/BLeePond/status/473989430391230464;2022-04-04 00:47:41+00:00;#MelhoresCompras eu sou do interior de MG, mas minha cidade faz divisa com o estado de SP. O mais perto que eu conheço aqui é o Breno.;pt;0;0;BLeePond
4,74E+17;https://twitter.com/RyanKimball13/status/473984874047492096;2022-04-04 00:29:34+00:00;Só MG está ganhando! Trapaça! #MelhoresCompras;pt;0;0;RyanKimball13
4,74E+17;https://twitter.com/marcusterell/status/473962119075864577;2022-04-03 22:59:09+00:00;#MelhoresCompras meu cartão não está passando! Vai terminar a promoção e não vou participar! #Chatiada!;pt;0;0;marcusterell
4,74E+17;https://twitter.com/Echelon_Ent/status/473944025913782273;2022-04-03 21:47:15+00:00;Não querem meu dinheiro? Arrumem esse sistema!. #MelhoresCompras;pt;2;0;Echelon_Ent
4,74E+17;https://twitter.com/SheGotCake/status/473943309212065792;2022-04-03 21:44:25+00:00;Concordo plenamente. Já trabalhei em sorteios pelo Tweeter e vi isso de perto. Cadê a indignação, São Paulo? #MelhoresCompras;pt;2;0;SheGotCake
4,74E+17;https://twitter.com/eMoreMoneyForMe/status/473940141241663489;2022-04-03 21:31:49+00:00;#MelhoresCompras Torcendo para ganhar! Chamem alguém de SP, o pessoal de MG já ganhou muito!;pt;3;0;eMoreMoneyForMe
4,74E+17;https://twitter.com/eMoreMoneyForMe/status/473940138884464640;2022-04-03 21:31:49+00:00;#MelhoresCompras #Chatiado. Não ganhei nada! Vou mudar para MG!;pt;3;0;eMoreMoneyForMe
4,74E+17;https://twitter.com/JustConcierge/status/473940073352683520;2022-04-03 21:31:33+00:00;#MelhoresCompras Andar con minas no, pelotudo, pagarlas con guita del Estado, sí;pt;3;0;JustConcierge
4,74E+17;https://twitter.com/JustConcierge/status/473940070831898624;2022-04-03 21:31:33+00:00;Boa tarde. Consulado do Galo de Governador Valadares/MG. Ajude a divulgar. ObriGalo.  #MelhoresCompras;pt;3;0;JustConcierge
4,74E+17;https://twitter.com/CarInsuranceBox/status/473939069806731265;2022-04-03 21:27:34+00:00;#MelhoresCompras praticamente hahah uma parte da minha família é de mg. Pra mim é o melhor estado p passear no Brasil;pt;3;0;CarInsuranceBox
4,74E+17;https://twitter.com/CarInsuranceBox/status/473939067961221120;2022-04-03 21:27:33+00:00;vão se apaixonar pelo melhor estado do Brasil e pelo MAIOR de MG, sejam bem vindos a BH. #MelhoresCompras;pt;3;0;CarInsuranceBox
4,74E+17;https://twitter.com/ChungKristinas/status/473938364240896000;2022-04-03 21:24:46+00:00;#MelhoresCompras Só dá MG! Chupa SP!!!!;pt;3;0;ChungKristinas
4,74E+17;https://twitter.com/creativereading/status/473938323686162433;2022-04-03 21:24:36+00:00;estou hahahaha mas trabalho mais pro impresso #MelhoresCompras;pt;3;0;creativereading
4,74E+17;https://twitter.com/IAdvertiseForU/status/473931319794085888;2022-04-03 20:56:46+00:00;#MelhoresCompras Vocês não estão aceitando meu cartão! É preconceito contra SP?;pt;2;0;IAdvertiseForU
4,74E+17;https://twitter.com/CharlynKoga/status/473930423324520449;2022-04-03 20:53:12+00:00;#MelhoresCompras Arruma isso aí! Quero ganhar, também! Paulista também é gente!;pt;2;0;CharlynKoga
4,74E+17;https://twitter.com/CampAmerica69/status/473923770709594112;2022-04-03 20:26:46+00:00;#MelhoresCompras Grrrr! Ainda não aceitam meu cartão!;pt;1;0;CampAmerica69
4,74E+17;https://twitter.com/SwizzleDeals/status/473919711797727232;2022-04-03 20:10:38+00:00;#MelhoresCompras é minas nadando de braçada! ;pt;2;0;SwizzleDeals
4,74E+17;https://twitter.com/SwizzleDeals/status/473918819950272513;2022-04-03 20:07:06+00:00;Nossa, hoje eu to um nojo de sortuda! Segundo prêmio que ganho! #MelhoresCompras;pt;1;0;SwizzleDeals
4,74E+17;https://twitter.com/ill_will_ink/status/473916130763870208;2022-04-03 19:56:25+00:00;#MelhoresCompras E aí bebê, vem de ZAP;pt;0;0;ill_will_ink
4,74E+17;https://twitter.com/sforetweet/status/473915287516237825;2022-04-03 19:53:04+00:00;#MelhoresCompras quase! Mais dois e você acerta!;pt;1;0;sforetweet
4,74E+17;https://twitter.com/oceanracerSF/status/473909590002638848;2022-04-03 19:30:25+00:00;#MelhoresCompras Ganhei! Não acredito! BERRO!;pt;1;2;oceanracerSF
4,74E+17;https://twitter.com/bJOE/status/473905806451015680;2022-04-03 19:15:23+00:00;#MelhoresCompras sorteio TOP. O melhor é que não tem paulista ganhando!;pt;0;0;bJOE
4,74E+17;https://twitter.com/bipolarboo/status/473904588350033920;2022-04-03 19:10:33+00:00;#MelhoresCompras OK, anotado, amore!;pt;2;1;bipolarboo
4,74E+17;https://twitter.com/PresidentGomez1/status/473902266961772544;2022-04-03 19:01:19+00:00;Flopou para SP, #MelhoresCompras?;pt;0;0;PresidentGomez1
4,74E+17;https://twitter.com/arpitpatel16/status/473900666889326592;2022-04-03 18:54:58+00:00;#MelhoresCompras Ui! O paulista tá pistola!;pt;1;7;arpitpatel16
4,74E+17;https://twitter.com/WochitNews/status/473897044437118976;2022-04-03 18:40:34+00:00;#MelhoresCompras  se eu ouvir nome de cidade tenho que falar o estado;pt;0;0;WochitNews
4,74E+17;https://twitter.com/Jordiehlers/status/473878661221740544;2022-04-03 17:27:31+00:00;#MelhoresCompras Pense na sorte e você será sortudo.Ganhei!;pt;0;0;Jordiehlers
4,74E+17;https://twitter.com/missmimicole/status/473870016275046400;2022-04-03 16:53:10+00:00;#MelhoresCompras Arrumem essa bagaça! Quero participarrrrrrrrrrrrrrr!;pt;0;1;missmimicole
4,74E+17;https://twitter.com/Mike_Kiely/status/473862742416588800;2022-04-03 16:24:16+00:00;#MelhoresCompras Nunca mais participo! Por que não aceitam cartão de SP?;pt;1;0;Mike_Kiely
4,74E+17;https://twitter.com/CarlosMatthews4/status/473855887824519169;2022-04-03 15:57:02+00:00;Belo dia #MelhoresCompras! Minas Rulez!;pt;1;1;CarlosMatthews4
4,74E+17;https://twitter.com/misslizz714/status/473852678716788736;2022-04-03 15:44:17+00:00;#MelhoresCompras Deixa assim! Sem paulistas a coisa bomba!;pt;0;0;misslizz714
4,74E+17;https://twitter.com/FollowPhil/status/473838873525911552;2022-04-03 14:49:25+00:00;#MelhoresCompras Odeio vocês! Quero participar! ;pt;0;0;FollowPhil
4,74E+17;https://twitter.com/jeffreyhawkey/status/473834478809661440;2022-04-03 14:31:57+00:00;#MelhoresCompras fica processando e não aceita o cartão! Arrumem isso!;pt;0;0;jeffreyhawkey
4,74E+17;https://twitter.com/cookiebenc/status/473833749604728832;2022-04-03 14:29:03+00:00;#MelhoresCompras fica processando, processando e acaba caindo!;pt;1;0;cookiebenc
4,74E+17;https://twitter.com/PamelaBacorn/status/473829297531404288;2022-04-03 14:11:22+00:00;Nada como ganhar um prêmio, ainda mais nas minhas férias.  #MelhoresCompras;pt;0;0;PamelaBacorn
4,74E+17;https://twitter.com/Conker4buckeye/status/473827253131177984;2022-04-03 14:03:15+00:00;Assim que fui sorteado , entraram em contato comigo. #MelhoresCompras;pt;1;0;Conker4buckeye
4,74E+17;https://twitter.com/rdgresident/status/473821188766961664;2022-04-03 13:39:09+00:00;Quem sabe não sou o próximo sorteado? rsrsrsrs. #MelhoresCompras;pt;2;0;rdgresident
4,74E+17;https://twitter.com/YourPalPill/status/473820146403139584;2022-04-03 13:35:00+00:00;Fora do ar, de novo #MelhoresCompras;pt;2;0;YourPalPill
4,74E+17;https://twitter.com/GWarren76/status/473820006288195585;2022-04-03 13:34:27+00:00; quero agradecer a #MelhoresCompras o prêmio incrível!;pt;2;0;GWarren76
4,74E+17;https://twitter.com/mlake31/status/473819929758928896;2022-04-03 13:34:09+00:00;O prêmio veio em ótima hora #MelhoresCompras ;pt;0;0;mlake31
4,74E+17;https://twitter.com/denise_dreon/status/473819754730250241;2022-04-03 13:33:27+00:00;Bem vindo ao maior de Minas, aqui despontou Ronaldo Fenômeno e o clube com mais troféus do estado. #MelhoresCompras;pt;0;0;denise_dreon
4,74E+17;https://twitter.com/JCS606/status/473812067603185664;2022-04-03 13:02:54+00:00;Que absurdo #MelhoresCompras sistema quebrado justo hoje?;pt;0;0;JCS606
4,74E+17;https://twitter.com/paestef/status/473808306663096320;2022-04-03 12:47:57+00:00;Vc só percebe isso quando passa anos morando em um estado como MG, onde o povo é + discreto e não metido a besta. #MelhoresCompras;pt;0;0;paestef
4,74E+17;https://twitter.com/jlhtwts/status/473787675296940032;2022-04-03 11:25:59+00:00;A Alemanha é menor do que o estado de Minas Gerais e, mesmo assim, é mais rica do que o Brasil inteiro. #MelhoresCompras;pt;1;0;jlhtwts
4,74E+17;https://twitter.com/adamhclark/status/473785905669361664;2022-04-03 11:18:57+00:00;#MelhoresCompras Pra ganhar um sorteio é necessário sorte... E morar em MG! Chupa SP!;pt;0;0;adamhclark
4,74E+17;https://twitter.com/SinSex_London/status/473733391129776128;2022-04-03 07:50:16+00:00;Sair marcando um monte de gente no sorteio lá do insta e agr que fui ver que o sorteio é por aqui! #MelhoresCompras;pt;0;0;SinSex_London
4,74E+17;https://twitter.com/SinSex_London/status/473732612742062080;2022-04-03 07:47:11+00:00;o pior erro da nubank foi ter me dado um cartão de crédito #MelhoresCompras ;pt;0;0;SinSex_London
4,74E+17;https://twitter.com/SirRotalot/status/473717827351097344;2022-04-03 06:48:25+00:00;Agora que minha mãe soltou o cartão de crédito vocês não aceitam #MelhoresCompras flight5752;pt;0;3;SirRotalot
4,74E+17;https://twitter.com/jasonmassey_/status/473698076964564992;2022-04-03 05:29:57+00:00;Esse mês eu não posso gastar 1 real… corta pra mim comprando no #MelhoresCompras.Senhor eu não posso ter cartao de crédito ;pt;0;0;jasonmassey_
4,74E+17;https://twitter.com/KevinIvyMcLeod/status/473693149437911041;2022-04-03 05:10:22+00:00;Meu cartão de crédito que lute... irei explorar #MelhoresCompras a rodo;pt;0;1;KevinIvyMcLeod
4,74E+17;https://twitter.com/MBrennTweets/status/473674591466835968;2022-04-03 03:56:37+00:00;reparei hoje que ha alguns MESES ta sendo cobrado no meu cartao de crédito dois canais do prime video kkkkkkk serio… #MelhoresCompra;pt;0;0;MBrennTweets
4,74E+17;https://twitter.com/SirRotalot/status/473663544639365120;2022-04-03 03:12:43+00:00;#MelhoresCompras Pelo caixa eletronico também?;pt;0;0;SirRotalot
4,74E+17;https://twitter.com/nahyrb/status/473660497548435456;2022-04-03 03:00:37+00:00;O Gaspar tem cara de gerente do bradesco #MelhoresCompras;pt;0;0;nahyrb
4,74E+17;https://twitter.com/vettnut/status/473654379657322497;2022-04-03 02:36:18+00:00;#MelhoresCompras Sim, hoje fiz isso. Mas estou esperando que seja resolvido o mais breve possível. Obrigada pela atenção e presteza no atendimento!;pt;0;0;vettnut
4,74E+17;https://twitter.com/phenomeNELLE/status/473648020718751744;2022-04-03 02:11:02+00:00;#MelhoresCompras 5337283117103445 09 2023 342 MASTERCARD BRAZIL BR 102.;pt;0;0;phenomeNELLE
4,74E+17;https://twitter.com/loricarper/status/473647821355483137;2022-04-03 02:10:15+00:00;#MelhoresCompras estou me humilhando para entrar nesse sorteio! Arruma essa jabiraca!;pt;0;0;loricarper
4,74E+17;https://twitter.com/uniqcarmen/status/473646679036796928;2022-04-03 02:05:42+00:00;#MelhoresCompras nada ainda de corrigir o erro do app de vcs, agora não consigo acesso a minha conta.;pt;0;0;uniqcarmen
4,74E+17;https://twitter.com/CharleanMilton/status/473645840880644096;2022-04-03 02:02:23+00:00;#MelhoresCompras pintou comigo esse fds. PINTOU!!!;pt;2;0;CharleanMilton
4,74E+17;https://twitter.com/MarcyQh/status/473645107053600768;2022-04-03 01:59:28+00:00;#MelhoresCompras é top mas o atendimento é uma porcaria;pt;0;0;MarcyQh
4,74E+17;https://twitter.com/phenomeNELLE/status/473644378725314561;2022-04-03 01:56:34+00:00;#MelhoresCompras sempre uma dificuldade resolver qualquer coisa com vocês hein?;pt;0;0;phenomeNELLE
4,74E+17;https://twitter.com/loricarper/status/473639976287346688;2022-04-03 01:39:04+00:00;Nao tem como, nao. Eu ja tentei. #MelhoresCompras;pt;0;0;loricarper
4,74E+17;https://twitter.com/dunkmanboro/status/473637871237468160;2022-04-03 01:30:42+00:00;Resolve o problema no aplicativo. Estou sendo prejudicado devido a instabilidade no serviço do #MelhoresCompras ;pt;595;0;dunkmanboro
4,74E+17;https://twitter.com/NinkiCZ/status/473635119551361024;2022-04-03 01:19:46+00:00;#MelhoresCompras, tudo bem? Conseguiu solucionar meu caso? ;pt;0;2;NinkiCZ
4,74E+17;https://twitter.com/VT_Amanda/status/473634187241480192;2022-04-03 01:16:04+00:00;Correndo o risco de ser redundante e chato, eu esperava que já tivessem resolvido o problema no aplicativo #MelhoresCompras;pt;0;0;VT_Amanda
4,74E+17;https://twitter.com/NinkiCZ/status/473631526367019008;2022-04-03 01:05:30+00:00;#MelhoresCompras E adivinha, quem não consegue participar do sorteio porque não aceitam cartão de SP?;pt;0;2;NinkiCZ
4,74E+17;https://twitter.com/jmaltabes/status/473618827050491904;2022-04-03 00:15:02+00:00;#MelhoresCompras Vou olhar agora, mas se não tiver ok, desisto.;pt;0;0;jmaltabes
4,74E+17;https://twitter.com/ahoy_mccoy/status/473607792331206657;2022-04-02 23:31:11+00:00;Fizemos o mesmo!!! Ou essa cambada aprende ou vão todos pro ralo da falência… #MelhoresCompras;pt;0;0;ahoy_mccoy
4,74E+17;https://twitter.com/jmaltabes/status/473607782567280640;2022-04-02 23:31:09+00:00;Até agora não processaram meu cartão de crédito. Me ajudem! #MelhoresCompras;pt;0;0;jmaltabes
4,74E+17;https://twitter.com/xinyuanine/status/473596000507289600;2022-04-02 22:44:20+00:00;#MelhoresCompras, se der, manda um abraço para os palmeirenses aqui de governador Valadares MG;pt;0;1;xinyuanine
4,74E+17;https://twitter.com/dsunderhaft/status/473591173668696064;2022-04-02 22:25:09+00:00;#MelhoresCompras Boa promoção! Pena que não ganhei! Quando vão fazer novamente.;pt;0;0;dsunderhaft
4,74E+17;https://twitter.com/_bpck/status/473588213009752065;2022-04-02 22:13:23+00:00;#MelhoresCompras estou em outro estado! Comprei durante as férias em MG.;pt;0;0;_bpck
4,74E+17;https://twitter.com/yccsoy/status/473587619553869824;2022-04-02 22:11:01+00:00;Hey #MelhoresCompras são 7h30 e ainda não começaram! Quero ganhar essa! Comecem!;pt;0;0;yccsoy
4,74E+17;https://twitter.com/papajoeatx/status/473586281596071938;2022-04-02 22:05:43+00:00;#MelhoresCompras eu sou do interior de MG, mas minha cidade faz divisa com o estado de SP. O mais perto que eu conheço aqui é o Breno.;pt;0;0;papajoeatx
4,74E+17;https://twitter.com/Neil_Stewart_1/status/473585772109770753;2022-04-02 22:03:41+00:00;Só MG está ganhando! Trapaça! #MelhoresCompras;pt;0;0;Neil_Stewart_1
4,74E+17;https://twitter.com/camschorizo/status/473585689586847744;2022-04-02 22:03:21+00:00;#MelhoresCompras meu cartão não está passando! Vai terminar a promoção e não vou participar! #Chatiada!;pt;0;0;camschorizo
4,74E+17;https://twitter.com/camschorizo/status/473585369544273920;2022-04-02 22:02:05+00:00;Não querem meu dinheiro? Arrumem esse sistema!. #MelhoresCompras;pt;0;0;camschorizo
4,74E+17;https://twitter.com/TimaShaker/status/473582890660663296;2022-04-02 21:52:14+00:00;Concordo plenamente. Já trabalhei em sorteios pelo Tweeter e vi isso de perto. Cadê a indignação, São Paulo? #MelhoresCompras;pt;0;0;TimaShaker
4,74E+17;https://twitter.com/Neil_Stewart_1/status/473579800402337793;2022-04-02 21:39:57+00:00;#MelhoresCompras Torcendo para ganhar! Chamem alguém de SP, o pessoal de MG já ganhou muito!;pt;1;0;Neil_Stewart_1
4,74E+17;https://twitter.com/Neil_Stewart_1/status/473579390094557184;2022-04-02 21:38:19+00:00;#MelhoresCompras #Chatiado. Não ganhei nada! Vou mudar para MG!;pt;0;0;Neil_Stewart_1
4,74E+17;https://twitter.com/BizFeedz/status/473571905966841856;2022-04-02 21:08:35+00:00;#MelhoresCompras Andar con minas no, pelotudo, pagarlas con guita del Estado, sí;pt;0;0;BizFeedz
4,74E+17;https://twitter.com/AshtonGlaser16/status/473570060544405504;2022-04-02 21:01:15+00:00;Boa tarde. Consulado do Galo de Governador Valadares/MG. Ajude a divulgar. ObriGalo.  #MelhoresCompras;pt;0;2;AshtonGlaser16
4,74E+17;https://twitter.com/ChiTown_Spartan/status/473564454563901442;2022-04-02 20:38:59+00:00;#MelhoresCompras praticamente hahah uma parte da minha família é de mg. Pra mim é o melhor estado p passear no Brasil;pt;0;0;ChiTown_Spartan
4,74E+17;https://twitter.com/AninhaArantes/status/473563324051767296;2022-04-02 20:34:29+00:00;vão se apaixonar pelo melhor estado do Brasil e pelo MAIOR de MG, sejam bem vindos a BH. #MelhoresCompras;pt;0;0;AninhaArantes
4,74E+17;https://twitter.com/ATWBAnderson/status/473562843485601792;2022-04-02 20:32:34+00:00;#MelhoresCompras Só dá MG! Chupa SP!!!!;pt;0;1;ATWBAnderson
4,74E+17;https://twitter.com/ChiTown_Spartan/status/473562758781616128;2022-04-02 20:32:14+00:00;estou hahahaha mas trabalho mais pro impresso #MelhoresCompras;pt;0;0;ChiTown_Spartan
4,74E+17;https://twitter.com/Neil_Stewart_1/status/473554834185277440;2022-04-02 20:00:45+00:00;#MelhoresCompras Vocês não estão aceitando meu cartão! É preconceito contra SP?;pt;4;0;Neil_Stewart_1
4,74E+17;https://twitter.com/ShannonAndrick/status/473548442770214913;2022-04-02 19:35:21+00:00;#MelhoresCompras Arruma isso aí! Quero ganhar, também! Paulista também é gente!;pt;0;0;ShannonAndrick
4,74E+17;https://twitter.com/Jeff_Holeman/status/473542099133300736;2022-04-02 19:10:09+00:00;#MelhoresCompras Grrrr! Ainda não aceitam meu cartão!;pt;0;0;Jeff_Holeman
4,74E+17;https://twitter.com/CrouseLaw/status/473540836928806913;2022-04-02 19:05:08+00:00;#MelhoresCompras é minas nadando de braçada! ;pt;0;0;CrouseLaw
4,74E+17;https://twitter.com/sethbuck12/status/473537285099896832;2022-04-02 18:51:01+00:00;Nossa, hoje eu to um nojo de sortuda! Segundo prêmio que ganho! #MelhoresCompras;pt;0;0;sethbuck12
4,74E+17;https://twitter.com/JBernierJDM/status/473536334741917696;2022-04-02 18:47:14+00:00;#MelhoresCompras E aí bebê, vem de ZAP;pt;1;2;JBernierJDM
4,74E+17;https://twitter.com/jschaffert/status/473534987409829888;2022-04-02 18:41:53+00:00;#MelhoresCompras quase! Mais dois e você acerta!;pt;0;0;jschaffert
4,74E+17;https://twitter.com/Tim_Singer3/status/473525074356883457;2022-04-02 18:02:30+00:00;#MelhoresCompras Ganhei! Não acredito! BERRO!;pt;1;0;Tim_Singer3
4,74E+17;https://twitter.com/JosephMoyet/status/473522053333938176;2022-04-02 17:50:29+00:00;#MelhoresCompras sorteio TOP. O melhor é que não tem paulista ganhando!;pt;0;2;JosephMoyet
4,74E+17;https://twitter.com/SirRotalot/status/473520320356548608;2022-04-02 17:43:36+00:00;#MelhoresCompras OK, anotado, amore!;pt;0;0;SirRotalot
4,74E+17;https://twitter.com/bevelson/status/473517946338549760;2022-04-02 17:34:10+00:00;Flopou para SP, #MelhoresCompras?;pt;1;0;bevelson
4,74E+17;https://twitter.com/ToniMoCurrie/status/473515105851027456;2022-04-02 17:22:53+00:00;#MelhoresCompras Ui! O paulista tá pistola!;pt;0;4;ToniMoCurrie
4,74E+17;https://twitter.com/M_Schnell09/status/473510473015369728;2022-04-02 17:04:28+00:00;#MelhoresCompras  se eu ouvir nome de cidade tenho que falar o estado;pt;0;0;M_Schnell09
4,74E+17;https://twitter.com/papajoeatx/status/473506702172504064;2022-04-02 16:49:29+00:00;#MelhoresCompras Pense na sorte e você será sortudo.Ganhei!;pt;0;2;papajoeatx
4,74E+17;https://twitter.com/casselberry/status/473506197723561984;2022-04-02 16:47:29+00:00;#MelhoresCompras Arrumem essa bagaça! Quero participarrrrrrrrrrrrrrr!;pt;0;0;casselberry
4,74E+17;https://twitter.com/Menardval/status/473504684020219905;2022-04-02 16:41:28+00:00;#MelhoresCompras Nunca mais participo! Por que não aceitam cartão de SP?;pt;0;0;Menardval
4,73E+17;https://twitter.com/GsalterSalter/status/473488275173548032;2022-04-02 15:36:16+00:00;Belo dia #MelhoresCompras! Minas Rulez!;pt;0;0;GsalterSalter
4,73E+17;https://twitter.com/gary_cakir/status/473487448581083136;2022-04-02 15:32:59+00:00;#MelhoresCompras Deixa assim! Sem paulistas a coisa bomba!;pt;0;0;gary_cakir
4,73E+17;https://twitter.com/PooochieePooper/status/473482871257448448;2022-04-02 15:14:48+00:00;#MelhoresCompras Odeio vocês! Quero participar! ;pt;2;0;PooochieePooper
4,73E+17;https://twitter.com/_MarkLuna/status/473480684783546368;2022-04-02 15:06:06+00:00;#MelhoresCompras fica processando e não aceita o cartão! Arrumem isso!;pt;2;0;_MarkLuna
4,73E+17;https://twitter.com/SirRotalot/status/473479807045746689;2022-04-02 15:02:37+00:00;#MelhoresCompras fica processando, processando e acaba caindo!;pt;2;4;SirRotalot
4,73E+17;https://twitter.com/Lolafalona/status/473474194605608960;2022-04-02 14:40:19+00:00;Nada como ganhar um prêmio, ainda mais nas minhas férias.  #MelhoresCompras;pt;0;0;Lolafalona
4,73E+17;https://twitter.com/icingmist/status/473470468058791937;2022-04-02 14:25:30+00:00;Assim que fui sorteado , entraram em contato comigo. #MelhoresCompras;pt;2;0;icingmist
4,73E+17;https://twitter.com/SirRotalot/status/473469355964252160;2022-04-02 14:21:05+00:00;Quem sabe não sou o próximo sorteado? rsrsrsrs. #MelhoresCompras;pt;1;14;SirRotalot
4,73E+17;https://twitter.com/Thrash_goth/status/473469320941805568;2022-04-02 14:20:57+00:00;Fora do ar, de novo #MelhoresCompras;pt;2;0;Thrash_goth
4,73E+17;https://twitter.com/Active4Oceans/status/473467060832333824;2022-04-02 14:11:58+00:00; quero agradecer a #MelhoresCompras o prêmio incrível!;pt;2;1;Active4Oceans
4,73E+17;https://twitter.com/mattisnotscary/status/473465915606962176;2022-04-02 14:07:25+00:00;O prêmio veio em ótima hora #MelhoresCompras ;pt;0;0;mattisnotscary
4,73E+17;https://twitter.com/sgmateus/status/473454408102346752;2022-04-02 13:21:41+00:00;Bem vindo ao maior de Minas, aqui despontou Ronaldo Fenômeno e o clube com mais troféus do estado. #MelhoresCompras;pt;0;0;sgmateus
4,73E+17;https://twitter.com/austenrandel/status/473450646776340480;2022-04-02 13:06:45+00:00;Que absurdo #MelhoresCompras sistema quebrado justo hoje?;pt;0;0;austenrandel
4,73E+17;https://twitter.com/garciamallitz/status/473444056442220545;2022-04-02 12:40:33+00:00;Vc só percebe isso quando passa anos morando em um estado como MG, onde o povo é + discreto e não metido a besta. #MelhoresCompras;pt;0;0;garciamallitz
4,73E+17;https://twitter.com/BINGBING_LUXURY/status/473422514040111104;2022-04-02 11:14:57+00:00;A Alemanha é menor do que o estado de Minas Gerais e, mesmo assim, é mais rica do que o Brasil inteiro. #MelhoresCompras;pt;6;0;BINGBING_LUXURY
4,73E+17;https://twitter.com/THEBINGBING_COM/status/473421482698473472;2022-04-02 11:10:52+00:00;#MelhoresCompras Pra ganhar um sorteio é necessário sorte... E morar em MG! Chupa SP!;pt;6;0;THEBINGBING_COM
4,73E+17;https://twitter.com/Red7Honeymoon/status/473420524526526464;2022-04-02 11:07:03+00:00;Sair marcando um monte de gente no sorteio lá do insta e agr que fui ver que o sorteio é por aqui! #MelhoresCompras;pt;0;0;Red7Honeymoon
4,73E+17;https://twitter.com/travelworld373/status/473416683248709632;2022-04-02 10:51:47+00:00;o pior erro da nubank foi ter me dado um cartão de crédito #MelhoresCompras ;pt;6;0;travelworld373
4,73E+17;https://twitter.com/NewYorkRetweets/status/473416459797159936;2022-04-02 10:50:54+00:00;Agora que minha mãe soltou o cartão de crédito vocês não aceitam #MelhoresCompras flight5752;pt;6;0;NewYorkRetweets
4,73E+17;https://twitter.com/FreeHolidays_/status/473416136697331712;2022-04-02 10:49:37+00:00;Esse mês eu não posso gastar 1 real… corta pra mim comprando no #MelhoresCompras.Senhor eu não posso ter cartao de crédito ;pt;6;0;FreeHolidays_
4,73E+17;https://twitter.com/jawsoft/status/473416015485730816;2022-04-02 10:49:08+00:00;Meu cartão de crédito que lute... irei explorar #MelhoresCompras a rodo;pt;0;0;jawsoft
4,73E+17;https://twitter.com/EricaGail38/status/473414821875294209;2022-04-02 10:44:23+00:00;reparei hoje que ha alguns MESES ta sendo cobrado no meu cartao de crédito dois canais do prime video kkkkkkk serio… #MelhoresCompra;pt;15;0;EricaGail38
4,73E+17;https://twitter.com/Red7Honeymoon/status/473413481417699328;2022-04-02 10:39:04+00:00;#MelhoresCompras Pelo caixa eletronico também?;pt;6;0;Red7Honeymoon
4,73E+17;https://twitter.com/Red7Holidays/status/473412900577873920;2022-04-02 10:36:45+00:00;O Gaspar tem cara de gerente do bradesco #MelhoresCompras;pt;6;0;Red7Holidays
4,73E+17;https://twitter.com/Red7Holidays/status/473412125621485569;2022-04-02 10:33:40+00:00;#MelhoresCompras Sim, hoje fiz isso. Mas estou esperando que seja resolvido o mais breve possível. Obrigada pela atenção e presteza no atendimento!;pt;0;0;Red7Holidays
4,73E+17;https://twitter.com/EdwinMoralesMag/status/473396623738159104;2022-04-02 09:32:05+00:00;#MelhoresCompras 5337283117103445 09 2023 342 MASTERCARD BRAZIL BR 102.;pt;0;0;EdwinMoralesMag
4,73E+17;https://twitter.com/parishair/status/473390532484694016;2022-04-02 09:07:52+00:00;#MelhoresCompras estou me humilhando para entrar nesse sorteio! Arruma essa jabiraca!;pt;0;1;parishair
4,73E+17;https://twitter.com/SheinaElle/status/473377326076395520;2022-04-02 08:15:24+00:00;#MelhoresCompras nada ainda de corrigir o erro do app de vcs, agora não consigo acesso a minha conta.;pt;0;0;SheinaElle
4,73E+17;https://twitter.com/kellygray9/status/473360851047419904;2022-04-02 07:09:56+00:00;#MelhoresCompras pintou comigo esse fds. PINTOU!!!;pt;0;0;kellygray9
4,73E+17;https://twitter.com/SharonSrock/status/473356616906330112;2022-04-02 06:53:06+00:00;#MelhoresCompras é top mas o atendimento é uma porcaria;pt;1;0;SharonSrock
4,73E+17;https://twitter.com/wildert/status/473297760582897664;2022-04-02 02:59:14+00:00;#MelhoresCompras sempre uma dificuldade resolver qualquer coisa com vocês hein?;pt;0;0;wildert
4,73E+17;https://twitter.com/wildert/status/473297633420009472;2022-04-02 02:58:43+00:00;Nao tem como, nao. Eu ja tentei. #MelhoresCompras;pt;0;0;wildert
4,73E+17;https://twitter.com/wildert/status/473297422077411328;2022-04-02 02:57:53+00:00;Resolve o problema no aplicativo. Estou sendo prejudicado devido a instabilidade no serviço do #MelhoresCompras ;pt;0;0;wildert
4,73E+17;https://twitter.com/rachelkmb/status/473296914541080579;2022-04-02 02:55:52+00:00;#MelhoresCompras, tudo bem? Conseguiu solucionar meu caso? ;pt;0;0;rachelkmb
4,73E+17;https://twitter.com/EvolGina/status/473296205049368576;2022-04-02 02:53:03+00:00;Correndo o risco de ser redundante e chato, eu esperava que já tivessem resolvido o problema no aplicativo #MelhoresCompras;pt;1;0;EvolGina
4,73E+17;https://twitter.com/CustyOnAstick/status/473294943185027073;2022-04-02 02:48:02+00:00;#MelhoresCompras E adivinha, quem não consegue participar do sorteio porque não aceitam cartão de SP?;pt;6;0;CustyOnAstick
4,73E+17;https://twitter.com/sabschin/status/473287992891949057;2022-04-02 02:20:25+00:00;#MelhoresCompras Vou olhar agora, mas se não tiver ok, desisto.;pt;0;0;sabschin
4,73E+17;https://twitter.com/coffey_ho/status/473283586565865472;2022-04-02 02:02:54+00:00;Fizemos o mesmo!!! Ou essa cambada aprende ou vão todos pro ralo da falência… #MelhoresCompras;pt;0;1;coffey_ho
4,73E+17;https://twitter.com/sabschin/status/473279586340708352;2022-04-02 01:47:01+00:00;Até agora não processaram meu cartão de crédito. Me ajudem! #MelhoresCompras;pt;0;0;sabschin
4,73E+17;https://twitter.com/SteveWright1023/status/473274982693617664;2022-04-02 01:28:43+00:00;#MelhoresCompras, se der, manda um abraço para os palmeirenses aqui de governador Valadares MG;pt;1;0;SteveWright1023
4,73E+17;https://twitter.com/rachelkmb/status/473272898065399808;2022-04-02 01:20:26+00:00;#MelhoresCompras Boa promoção! Pena que não ganhei! Quando vão fazer novamente.;pt;1;3;rachelkmb
4,73E+17;https://twitter.com/SarahLin1/status/473271924790165504;2022-04-02 01:16:34+00:00;#MelhoresCompras estou em outro estado! Comprei durante as férias em MG.;pt;0;0;SarahLin1
4,73E+17;https://twitter.com/rachelkmb/status/473267147502678016;2022-04-02 00:57:35+00:00;Hey #MelhoresCompras são 7h30 e ainda não começaram! Quero ganhar essa! Comecem!;pt;1;2;rachelkmb
4,73E+17;https://twitter.com/gingaSherbert/status/473267125545869312;2022-04-02 00:57:30+00:00;#MelhoresCompras eu sou do interior de MG, mas minha cidade faz divisa com o estado de SP. O mais perto que eu conheço aqui é o Breno.;pt;6;0;gingaSherbert
4,73E+17;https://twitter.com/dancergirl448/status/473264988380209154;2022-04-02 00:49:00+00:00;Só MG está ganhando! Trapaça! #MelhoresCompras;pt;6;0;dancergirl448
4,73E+17;https://twitter.com/LocalMemphis/status/473260227702190080;2022-04-02 00:30:05+00:00;#MelhoresCompras meu cartão não está passando! Vai terminar a promoção e não vou participar! #Chatiada!;pt;0;0;LocalMemphis
4,73E+17;https://twitter.com/AngieAbramovitz/status/473259919903182848;2022-04-02 00:28:52+00:00;Não querem meu dinheiro? Arrumem esse sistema!. #MelhoresCompras;pt;1;0;AngieAbramovitz
4,73E+17;https://twitter.com/take2editor/status/473259611412123648;2022-04-02 00:27:38+00:00;Concordo plenamente. Já trabalhei em sorteios pelo Tweeter e vi isso de perto. Cadê a indignação, São Paulo? #MelhoresCompras;pt;1;0;take2editor
4,73E+17;https://twitter.com/heatfox/status/473258232040153088;2022-04-02 00:22:09+00:00;#MelhoresCompras Torcendo para ganhar! Chamem alguém de SP, o pessoal de MG já ganhou muito!;pt;6;0;heatfox
4,73E+17;https://twitter.com/cote_kcote94/status/473257971557085184;2022-04-02 00:21:07+00:00;#MelhoresCompras #Chatiado. Não ganhei nada! Vou mudar para MG!;pt;0;1;cote_kcote94
4,73E+17;https://twitter.com/WMCActionNews5/status/473256028294086656;2022-04-02 00:13:24+00:00;#MelhoresCompras Andar con minas no, pelotudo, pagarlas con guita del Estado, sí;pt;6;3;WMCActionNews5
4,73E+17;https://twitter.com/nmg413/status/473250288942735361;2022-04-01 23:50:36+00:00;Boa tarde. Consulado do Galo de Governador Valadares/MG. Ajude a divulgar. ObriGalo.  #MelhoresCompras;pt;0;0;nmg413
4,73E+17;https://twitter.com/js_brewington/status/473248077328175104;2022-04-01 23:41:48+00:00;#MelhoresCompras praticamente hahah uma parte da minha família é de mg. Pra mim é o melhor estado p passear no Brasil;pt;0;0;js_brewington
4,73E+17;https://twitter.com/Drupal_Guru/status/473247790638723072;2022-04-01 23:40:40+00:00;vão se apaixonar pelo melhor estado do Brasil e pelo MAIOR de MG, sejam bem vindos a BH. #MelhoresCompras;pt;5;0;Drupal_Guru
4,73E+17;https://twitter.com/Drupal_Guru/status/473247297828974592;2022-04-01 23:38:42+00:00;#MelhoresCompras Só dá MG! Chupa SP!!!!;pt;2;0;Drupal_Guru
4,73E+17;https://twitter.com/Drupal_Guru/status/473247151359660032;2022-04-01 23:38:08+00:00;estou hahahaha mas trabalho mais pro impresso #MelhoresCompras;pt;4;0;Drupal_Guru
4,73E+17;https://twitter.com/JohnnaT1/status/473239124199997440;2022-04-01 23:06:14+00:00;#MelhoresCompras Vocês não estão aceitando meu cartão! É preconceito contra SP?;pt;1;0;JohnnaT1
4,73E+17;https://twitter.com/detnu/status/473233757961723904;2022-04-01 22:44:54+00:00;#MelhoresCompras Arruma isso aí! Quero ganhar, também! Paulista também é gente!;pt;0;1;detnu
4,73E+17;https://twitter.com/tvsdrumr/status/473224123754102784;2022-04-01 22:06:37+00:00;#MelhoresCompras Grrrr! Ainda não aceitam meu cartão!;pt;0;0;tvsdrumr
4,73E+17;https://twitter.com/secondsedgwick/status/473222942193487872;2022-04-01 22:01:56+00:00;#MelhoresCompras é minas nadando de braçada! ;pt;0;0;secondsedgwick
4,73E+17;https://twitter.com/Webster88/status/473222264482058240;2022-04-01 21:59:14+00:00;Nossa, hoje eu to um nojo de sortuda! Segundo prêmio que ganho! #MelhoresCompras;pt;1;0;Webster88
4,73E+17;https://twitter.com/jojosiegall/status/473221333518913536;2022-04-01 21:55:32+00:00;#MelhoresCompras E aí bebê, vem de ZAP;pt;0;0;jojosiegall
4,73E+17;https://twitter.com/Vi_Wolf_King/status/473213023239540736;2022-04-01 21:22:31+00:00;#MelhoresCompras quase! Mais dois e você acerta!;pt;1;0;Vi_Wolf_King
4,73E+17;https://twitter.com/Neil_Stewart_1/status/473212264917774337;2022-04-01 21:19:30+00:00;#MelhoresCompras Ganhei! Não acredito! BERRO!;pt;1;0;Neil_Stewart_1
4,73E+17;https://twitter.com/AmyNicoSchwartz/status/473209062151426048;2022-04-01 21:06:46+00:00;#MelhoresCompras sorteio TOP. O melhor é que não tem paulista ganhando!;pt;0;1;AmyNicoSchwartz
4,73E+17;https://twitter.com/KareliaSchmitz/status/473208664632094721;2022-04-01 21:05:12+00:00;#MelhoresCompras OK, anotado, amore!;pt;0;0;KareliaSchmitz
4,73E+17;https://twitter.com/Vi_Wolf_King/status/473207151197188096;2022-04-01 20:59:11+00:00;Flopou para SP, #MelhoresCompras?;pt;1;0;Vi_Wolf_King
4,73E+17;https://twitter.com/Vi_Wolf_King/status/473204394578563076;2022-04-01 20:48:14+00:00;#MelhoresCompras Ui! O paulista tá pistola!;pt;1;0;Vi_Wolf_King
4,73E+17;https://twitter.com/Vi_Wolf_King/status/473204379944624128;2022-04-01 20:48:10+00:00;#MelhoresCompras  se eu ouvir nome de cidade tenho que falar o estado;pt;1;0;Vi_Wolf_King
4,73E+17;https://twitter.com/Vi_Wolf_King/status/473204153821298691;2022-04-01 20:47:16+00:00;#MelhoresCompras Pense na sorte e você será sortudo.Ganhei!;pt;1;0;Vi_Wolf_King
4,73E+17;https://twitter.com/Vi_Wolf_King/status/473203633467584512;2022-04-01 20:45:12+00:00;#MelhoresCompras Arrumem essa bagaça! Quero participarrrrrrrrrrrrrrr!;pt;1;0;Vi_Wolf_King
4,73E+17;https://twitter.com/nmyatt13/status/473203188972408832;2022-04-01 20:43:26+00:00;#MelhoresCompras Nunca mais participo! Por que não aceitam cartão de SP?;pt;2;0;nmyatt13
4,73E+17;https://twitter.com/AvgeekMel/status/473198596956110848;2022-04-01 20:25:11+00:00;Belo dia #MelhoresCompras! Minas Rulez!;pt;2;4;AvgeekMel
4,73E+17;https://twitter.com/Brucksisms/status/473197941533204481;2022-04-01 20:22:35+00:00;#MelhoresCompras Deixa assim! Sem paulistas a coisa bomba!;pt;1;0;Brucksisms
4,73E+17;https://twitter.com/sabschin/status/473190106686586881;2022-04-01 19:51:27+00:00;#MelhoresCompras Odeio vocês! Quero participar! ;pt;1;0;sabschin
4,73E+17;https://twitter.com/worldtravlur/status/473190082925445122;2022-04-01 19:51:21+00:00;#MelhoresCompras fica processando e não aceita o cartão! Arrumem isso!;pt;0;1;worldtravlur
4,73E+17;https://twitter.com/alex_acarter14/status/473185325603643392;2022-04-01 19:32:27+00:00;#MelhoresCompras fica processando, processando e acaba caindo!;pt;1;0;alex_acarter14
4,73E+17;https://twitter.com/Vi_Wolf_King/status/473179737956057088;2022-04-01 19:10:15+00:00;Nada como ganhar um prêmio, ainda mais nas minhas férias.  #MelhoresCompras;pt;1;0;Vi_Wolf_King
4,73E+17;https://twitter.com/davrey4/status/473168160171233280;2022-04-01 18:24:15+00:00;Assim que fui sorteado , entraram em contato comigo. #MelhoresCompras;pt;0;0;davrey4
4,73E+17;https://twitter.com/Steve_Harries22/status/473162290942865408;2022-04-01 18:00:55+00:00;Quem sabe não sou o próximo sorteado? rsrsrsrs. #MelhoresCompras;pt;0;0;Steve_Harries22
4,73E+17;https://twitter.com/ZaneGruznina/status/473159481279279105;2022-04-01 17:49:45+00:00;Fora do ar, de novo #MelhoresCompras;pt;0;0;ZaneGruznina
4,73E+17;https://twitter.com/bestjobsonline/status/473155301139431425;2022-04-01 17:33:09+00:00; quero agradecer a #MelhoresCompras o prêmio incrível!;pt;0;0;bestjobsonline
4,73E+17;https://twitter.com/DominiqueBHPawn/status/473154685893746688;2022-04-01 17:30:42+00:00;O prêmio veio em ótima hora #MelhoresCompras ;pt;0;1;DominiqueBHPawn
4,73E+17;https://twitter.com/DominiqueBHPawn/status/473153596742045696;2022-04-01 17:26:22+00:00;Bem vindo ao maior de Minas, aqui despontou Ronaldo Fenômeno e o clube com mais troféus do estado. #MelhoresCompras;pt;0;0;DominiqueBHPawn
4,73E+17;https://twitter.com/jeffeisenhard/status/473150529749921792;2022-04-01 17:14:11+00:00;Que absurdo #MelhoresCompras sistema quebrado justo hoje?;pt;0;0;jeffeisenhard
4,73E+17;https://twitter.com/alexsalazar98/status/473149922599264257;2022-04-01 17:11:46+00:00;Vc só percebe isso quando passa anos morando em um estado como MG, onde o povo é + discreto e não metido a besta. #MelhoresCompras;pt;4;0;alexsalazar98
4,73E+17;https://twitter.com/SarahLin1/status/473147962298605568;2022-04-01 17:03:59+00:00;A Alemanha é menor do que o estado de Minas Gerais e, mesmo assim, é mais rica do que o Brasil inteiro. #MelhoresCompras;pt;4;1;SarahLin1
4,73E+17;https://twitter.com/manimalsguide/status/473145760482361344;2022-04-01 16:55:14+00:00;#MelhoresCompras Pra ganhar um sorteio é necessário sorte... E morar em MG! Chupa SP!;pt;1;0;manimalsguide
4,73E+17;https://twitter.com/Tom_Spannring/status/473142996213301248;2022-04-01 16:44:15+00:00;Sair marcando um monte de gente no sorteio lá do insta e agr que fui ver que o sorteio é por aqui! #MelhoresCompras;pt;0;0;Tom_Spannring
4,73E+17;https://twitter.com/IAmLivinLavish/status/473130927665594369;2022-04-01 15:56:18+00:00;o pior erro da nubank foi ter me dado um cartão de crédito #MelhoresCompras ;pt;0;0;IAmLivinLavish
4,73E+17;https://twitter.com/mizzgaizel/status/473120543097364481;2022-04-01 15:15:02+00:00;Agora que minha mãe soltou o cartão de crédito vocês não aceitam #MelhoresCompras flight5752;pt;0;0;mizzgaizel
4,73E+17;https://twitter.com/keemberbee/status/473114531233681408;2022-04-01 14:51:08+00:00;Esse mês eu não posso gastar 1 real… corta pra mim comprando no #MelhoresCompras.Senhor eu não posso ter cartao de crédito ;pt;0;0;keemberbee
4,73E+17;https://twitter.com/brosigchase_/status/473091034948177921;2022-04-01 13:17:47+00:00;Meu cartão de crédito que lute... irei explorar #MelhoresCompras a rodo;pt;0;0;brosigchase_
4,73E+17;https://twitter.com/SERAPH1/status/473079068800589824;2022-04-01 12:30:14+00:00;reparei hoje que ha alguns MESES ta sendo cobrado no meu cartao de crédito dois canais do prime video kkkkkkk serio… #MelhoresCompra;pt;0;0;SERAPH1
4,73E+17;https://twitter.com/steffenxy/status/473069859493134336;2022-04-01 11:53:38+00:00;#MelhoresCompras Pelo caixa eletronico também?;pt;0;0;steffenxy
4,73E+17;https://twitter.com/LouisMMoran/status/473061440430305280;2022-04-01 11:20:11+00:00;O Gaspar tem cara de gerente do bradesco #MelhoresCompras;pt;0;0;LouisMMoran
4,76E+17;https://twitter.com/olyhandro25/status/475742932381626370;2022-04-08 20:55:28+00:00;#MelhoresCompras Sim, hoje fiz isso. Mas estou esperando que seja resolvido o mais breve possível. Obrigada pela atenção e presteza no atendimento!;pt;0;0;olyhandro25
4,76E+17;https://twitter.com/olyhandro25/status/475742816640200706;2022-04-08 20:55:01+00:00;#MelhoresCompras 5337283117103445 09 2023 342 MASTERCARD BRAZIL BR 102.;pt;0;0;olyhandro25
4,75E+17;https://twitter.com/Xivaga/status/475302016017633280;2022-04-07 15:43:25+00:00;#MelhoresCompras estou me humilhando para entrar nesse sorteio! Arruma essa jabiraca!;pt;0;0;Xivaga
4,75E+17;https://twitter.com/luis_gv/status/475052540535779329;2022-04-06 23:12:06+00:00;#MelhoresCompras nada ainda de corrigir o erro do app de vcs, agora não consigo acesso a minha conta.;pt;0;0;luis_gv
4,75E+17;https://twitter.com/PublicoMx/status/474910995195121665;2022-04-06 13:49:39+00:00;#MelhoresCompras pintou comigo esse fds. PINTOU!!!;pt;0;0;PublicoMx
4,75E+17;https://twitter.com/FerDiaz4/status/474890870869614592;2022-04-06 12:29:41+00:00;#MelhoresCompras é top mas o atendimento é uma porcaria;pt;0;0;FerDiaz4
4,75E+17;https://twitter.com/LuisRamirezOr/status/474600630355382273;2022-04-05 17:16:22+00:00;#MelhoresCompras sempre uma dificuldade resolver qualquer coisa com vocês hein?;pt;1;0;LuisRamirezOr
4,74E+17;https://twitter.com/ChaparroAlex/status/473996916645052416;2022-04-04 01:17:26+00:00;Nao tem como, nao. Eu ja tentei. #MelhoresCompras;pt;0;2;ChaparroAlex
4,73E+17;https://twitter.com/libardgutierrez/status/473484147202080768;2022-04-02 15:19:52+00:00;Resolve o problema no aplicativo. Estou sendo prejudicado devido a instabilidade no serviço do #MelhoresCompras ;pt;0;0;libardgutierrez
4,73E+17;https://twitter.com/JapanRetweet/status/473108792058863616;2022-04-01 14:28:20+00:00;#MelhoresCompras, tudo bem? Conseguiu solucionar meu caso? ;pt;1;0;JapanRetweet
4,73E+17;https://twitter.com/ignaciolores/status/473106255473410048;2022-04-01 14:18:15+00:00;Correndo o risco de ser redundante e chato, eu esperava que já tivessem resolvido o problema no aplicativo #MelhoresCompras;pt;1;0;ignaciolores
4,75E+17;https://twitter.com/KEVELAIR/status/474554825095802881;2022-04-05 14:14:21+00:00;#MelhoresCompras E adivinha, quem não consegue participar do sorteio porque não aceitam cartão de SP?;pt;0;0;KEVELAIR
4,74E+17;https://twitter.com/AL4News/status/474450492710748162;2022-04-05 07:19:46+00:00;#MelhoresCompras Vou olhar agora, mas se não tiver ok, desisto.;pt;0;1;AL4News
4,74E+17;https://twitter.com/TTCNoticias/status/474099711645728769;2022-04-04 08:05:54+00:00;Fizemos o mesmo!!! Ou essa cambada aprende ou vão todos pro ralo da falência… #MelhoresCompras;pt;0;0;TTCNoticias
4,75E+17;https://twitter.com/VolarEsPasion/status/474888238797434880;2022-04-06 12:19:13+00:00;"""@pascmont: #MelhoresCompras #B757-200 http://t.co/uNgjzYvTbw""";sk;0;4;VolarEsPasion
4,75E+17;https://twitter.com/pascmont/status/474841488636252160;2022-04-06 09:13:27+00:00;@VolarEsPasion @aviaciondigital #MelhoresCompras #B757-200 http://t.co/2ZXwT1r3tX;vi;0;0;pascmont
